year,month,year_month,genre,plays,unique_tracks,unique_artists,total_minutes,avg_danceability,avg_energy,avg_valence
2014,6,2014-06,Indie Rock,1,1,1,3.0,0.663,0.678,0.417
2014,6,2014-06,Latin Pop,1,1,1,5.1,0.766,0.755,0.588
2014,6,2014-06,Other,18,18,16,47.6,0.515,0.43,0.5
2014,6,2014-06,Pop,1,1,1,3.9,0.634,0.87,0.514
2014,6,2014-06,Pop Rock,1,1,1,0.1,0.517,0.736,0.159
2014,7,2014-07,Alternative Rock,18,13,1,68.5,0.55,0.531,0.535
2014,7,2014-07,Classic Rock,9,8,7,20.3,0.397,0.474,0.629
2014,7,2014-07,Electronic,2,2,2,0.6,0.618,0.562,0.642
2014,7,2014-07,Other,189,173,85,483.1,0.498,0.537,0.502
2014,7,2014-07,Pop Rock,2,1,1,1.7,0.517,0.736,0.159
2014,7,2014-07,Progressive Rock,1,1,1,3.4,0.759,0.764,0.292
2014,8,2014-08,Alternative Rock,330,82,6,1361.2,0.498,0.481,0.438
2014,8,2014-08,Classic Rock,56,45,6,225.2,0.472,0.539,0.528
2014,8,2014-08,Classical,25,21,3,126.6,0.57,0.51,0.577
2014,8,2014-08,Grunge,13,13,2,42.6,0.497,0.512,0.452
2014,8,2014-08,Hard Rock,20,20,1,75.6,0.48,0.571,0.43
2014,8,2014-08,Hip Hop,5,5,2,20.7,0.511,0.569,0.469
2014,8,2014-08,Indie Rock,19,15,4,59.3,0.498,0.596,0.428
2014,8,2014-08,Latin Pop,1,1,1,3.7,0.99,0.371,0.506
2014,8,2014-08,Latin Rock,1,1,1,0.2,0.375,0.648,0.503
2014,8,2014-08,Other,1414,885,214,5130.8,0.493,0.507,0.483
2014,8,2014-08,Pop,72,52,7,272.3,0.469,0.564,0.499
2014,8,2014-08,Pop Rock,104,56,4,347.7,0.494,0.492,0.448
2014,8,2014-08,Progressive Metal,3,3,2,7.9,0.573,0.544,0.386
2014,8,2014-08,Progressive Rock,16,12,1,70.6,0.426,0.485,0.505
2014,8,2014-08,Punk Rock,26,17,2,60.9,0.494,0.537,0.577
2014,8,2014-08,Soundtrack,4,4,2,9.2,0.566,0.497,0.451
2014,9,2014-09,Alternative Rock,243,85,3,1013.3,0.511,0.499,0.449
2014,9,2014-09,Classic Rock,74,40,4,326.2,0.498,0.526,0.54
2014,9,2014-09,Classical,2,2,2,10.8,0.56,0.26,0.36
2014,9,2014-09,Electronic,1,1,1,4.6,0.439,0.838,0.818
2014,9,2014-09,Grunge,11,7,1,51.8,0.495,0.537,0.422
2014,9,2014-09,Indie Rock,3,2,2,11.5,0.492,0.442,0.153
2014,9,2014-09,Latin Rock,6,5,2,16.0,0.314,0.623,0.429
2014,9,2014-09,Other,1037,668,142,4103.4,0.505,0.527,0.486
2014,9,2014-09,Pop,59,50,5,223.0,0.515,0.475,0.511
2014,9,2014-09,Pop Rock,72,27,3,247.6,0.47,0.488,0.434
2014,9,2014-09,Progressive Rock,36,34,3,207.7,0.462,0.476,0.491
2014,9,2014-09,Soundtrack,50,45,5,118.2,0.489,0.5,0.545
2014,10,2014-10,Alternative Rock,161,73,4,633.0,0.474,0.469,0.453
2014,10,2014-10,Classic Rock,48,28,4,208.3,0.577,0.534,0.563
2014,10,2014-10,Electronic,6,2,1,26.7,0.469,0.713,0.705
2014,10,2014-10,Hip Hop,1,1,1,0.4,0.536,0.552,0.191
2014,10,2014-10,Indie Rock,5,2,1,11.7,0.534,0.402,0.681
2014,10,2014-10,Latin Pop,12,12,4,32.1,0.498,0.626,0.587
2014,10,2014-10,Latin Rock,13,12,2,44.4,0.394,0.438,0.505
2014,10,2014-10,Other,1247,755,93,4681.8,0.478,0.502,0.471
2014,10,2014-10,Pop,37,29,2,152.6,0.474,0.487,0.518
2014,10,2014-10,Pop Rock,361,91,3,1263.5,0.438,0.479,0.44
2014,10,2014-10,Progressive Metal,1,1,1,6.3,0.365,0.611,0.138
2014,10,2014-10,Progressive Rock,112,79,1,505.4,0.525,0.499,0.477
2014,10,2014-10,Punk Rock,25,24,2,62.0,0.457,0.549,0.535
2014,10,2014-10,Soundtrack,5,5,1,8.6,0.568,0.537,0.315
2014,11,2014-11,Alternative Metal,5,5,1,14.6,0.288,0.769,0.505
2014,11,2014-11,Alternative Rock,103,50,2,451.1,0.485,0.505,0.447
2014,11,2014-11,Classic Rock,49,39,5,214.7,0.491,0.504,0.526
2014,11,2014-11,Electronic,5,5,1,25.6,0.415,0.568,0.395
2014,11,2014-11,Hip Hop,3,2,1,5.4,0.705,0.642,0.321
2014,11,2014-11,Indie Rock,20,18,3,76.8,0.448,0.465,0.523
2014,11,2014-11,Latin Pop,16,12,2,57.1,0.519,0.561,0.547
2014,11,2014-11,Latin Rock,28,25,2,113.6,0.401,0.517,0.551
2014,11,2014-11,Metal,1,1,1,0.8,0.645,0.645,0.459
2014,11,2014-11,Other,991,733,83,3792.6,0.481,0.524,0.496
2014,11,2014-11,Pop,80,37,4,309.1,0.46,0.519,0.522
2014,11,2014-11,Pop Rock,151,73,3,540.0,0.448,0.505,0.454
2014,11,2014-11,Power Metal,1,1,1,0.8,0.254,0.54,0.59
2014,11,2014-11,Progressive Rock,59,43,2,307.0,0.556,0.565,0.496
2014,11,2014-11,Soundtrack,3,3,1,9.3,0.548,0.39,0.326
2014,12,2014-12,Alternative Rock,150,67,4,631.0,0.536,0.549,0.469
2014,12,2014-12,Classic Rock,30,20,2,118.5,0.507,0.551,0.529
2014,12,2014-12,Classical,1,1,1,1.9,0.29,0.343,0.552
2014,12,2014-12,Electronic,17,15,2,67.1,0.486,0.461,0.532
2014,12,2014-12,Hip Hop,1,1,1,6.3,0.208,0.162,0.614
2014,12,2014-12,Indie Rock,2,2,1,5.9,0.612,0.532,0.355
2014,12,2014-12,Latin Pop,2,2,1,10.0,0.825,0.66,0.376
2014,12,2014-12,Latin Rock,15,15,2,65.5,0.449,0.508,0.518
2014,12,2014-12,Other,1021,659,107,3736.6,0.553,0.548,0.526
2014,12,2014-12,Pop,67,50,7,252.5,0.472,0.524,0.486
2014,12,2014-12,Pop Rock,241,79,2,845.6,0.45,0.498,0.453
2014,12,2014-12,Power Metal,7,7,1,30.1,0.576,0.499,0.713
2014,12,2014-12,Progressive Rock,20,17,1,86.4,0.506,0.541,0.52
2014,12,2014-12,Punk Rock,7,7,1,26.0,0.694,0.471,0.441
2014,12,2014-12,Soundtrack,10,10,2,32.2,0.399,0.53,0.416
2015,1,2015-01,Alternative Rock,65,43,3,266.8,0.489,0.51,0.479
2015,1,2015-01,Classic Rock,76,66,5,312.8,0.492,0.522,0.542
2015,1,2015-01,Electronic,8,7,2,33.6,0.576,0.59,0.6
2015,1,2015-01,Grunge,1,1,1,0.2,0.36,0.684,0.2
2015,1,2015-01,Indie Rock,1,1,1,4.0,0.529,0.389,0.841
2015,1,2015-01,Latin Pop,2,2,2,4.2,0.594,0.696,0.835
2015,1,2015-01,Latin Rock,47,37,4,203.2,0.417,0.472,0.449
2015,1,2015-01,Metal,1,1,1,5.7,0.519,0.179,0.33
2015,1,2015-01,Other,956,719,188,3572.0,0.522,0.515,0.49
2015,1,2015-01,Pop,47,27,4,181.1,0.459,0.502,0.46
2015,1,2015-01,Pop Rock,196,53,4,678.0,0.444,0.48,0.455
2015,1,2015-01,Progressive Rock,21,15,2,131.6,0.486,0.588,0.524
2015,1,2015-01,Punk Rock,11,11,3,34.1,0.434,0.533,0.607
2015,2,2015-02,Alternative Rock,24,19,2,108.8,0.47,0.489,0.403
2015,2,2015-02,Classic Rock,72,65,7,337.5,0.468,0.554,0.502
2015,2,2015-02,Electronic,4,4,1,15.3,0.682,0.579,0.467
2015,2,2015-02,Indie Rock,1,1,1,0.1,0.529,0.389,0.841
2015,2,2015-02,Latin Pop,3,3,3,13.1,0.45,0.554,0.57
2015,2,2015-02,Metal,1,1,1,4.2,0.753,0.847,0.613
2015,2,2015-02,Other,479,378,74,1762.6,0.527,0.498,0.512
2015,2,2015-02,Pop,24,17,4,96.5,0.481,0.499,0.451
2015,2,2015-02,Pop Rock,110,37,1,395.5,0.417,0.496,0.435
2015,2,2015-02,Power Metal,5,5,2,22.7,0.434,0.342,0.421
2015,2,2015-02,Progressive Rock,4,4,1,29.0,0.422,0.384,0.474
2015,2,2015-02,Symphonic Metal,5,4,1,25.3,0.476,0.377,0.277
2015,3,2015-03,Alternative Rock,61,40,2,282.8,0.499,0.569,0.466
2015,3,2015-03,Classic Rock,102,68,7,434.5,0.489,0.558,0.515
2015,3,2015-03,Classical,3,3,1,15.3,0.439,0.488,0.868
2015,3,2015-03,Electronic,1,1,1,0.1,0.407,0.075,0.357
2015,3,2015-03,Indie Rock,4,1,1,10.7,0.529,0.389,0.841
2015,3,2015-03,Latin Pop,4,2,1,20.1,0.825,0.66,0.376
2015,3,2015-03,Latin Rock,37,21,2,159.3,0.364,0.413,0.48
2015,3,2015-03,Other,948,667,85,3675.3,0.522,0.556,0.471
2015,3,2015-03,Pop,49,38,7,191.4,0.519,0.541,0.461
2015,3,2015-03,Pop Rock,196,52,4,708.9,0.378,0.514,0.409
2015,3,2015-03,Power Metal,2,2,1,4.3,0.433,0.748,0.214
2015,3,2015-03,Progressive Metal,1,1,1,3.8,0.418,0.502,0.639
2015,3,2015-03,Progressive Rock,65,64,3,329.8,0.498,0.472,0.463
2015,3,2015-03,Soundtrack,3,3,3,9.7,0.66,0.291,0.704
2015,3,2015-03,Symphonic Metal,6,5,1,24.6,0.508,0.276,0.412
2015,4,2015-04,Alternative Rock,50,30,1,220.8,0.535,0.482,0.475
2015,4,2015-04,Classic Rock,87,30,4,319.0,0.498,0.581,0.575
2015,4,2015-04,Indie Rock,4,3,2,10.8,0.55,0.518,0.742
2015,4,2015-04,Latin Rock,10,9,2,36.4,0.313,0.404,0.544
2015,4,2015-04,Metal,3,3,1,16.9,0.305,0.752,0.671
2015,4,2015-04,Other,1056,642,49,4066.1,0.526,0.516,0.497
2015,4,2015-04,Pop,65,42,3,266.9,0.477,0.486,0.455
2015,4,2015-04,Pop Rock,290,89,2,962.3,0.434,0.482,0.459
2015,4,2015-04,Progressive Rock,9,7,1,32.6,0.385,0.467,0.541
2015,4,2015-04,Soundtrack,2,2,1,7.2,0.511,0.449,0.627
2015,4,2015-04,Symphonic Metal,1,1,1,4.0,0.583,0.315,0.676
2015,5,2015-05,Alternative Rock,70,46,4,298.7,0.544,0.499,0.476
2015,5,2015-05,Classic Rock,16,16,2,62.4,0.551,0.497,0.529
2015,5,2015-05,Hard Rock,26,24,1,77.1,0.504,0.544,0.422
2015,5,2015-05,Indie Rock,1,1,1,4.0,0.529,0.389,0.841
2015,5,2015-05,Latin Pop,2,1,1,10.4,0.673,0.753,0.424
2015,5,2015-05,Latin Rock,27,17,2,114.4,0.343,0.393,0.527
2015,5,2015-05,Metal,6,6,2,33.5,0.414,0.698,0.466
2015,5,2015-05,Other,716,580,92,2634.0,0.516,0.521,0.471
2015,5,2015-05,Pop,74,38,5,272.1,0.484,0.516,0.484
2015,5,2015-05,Pop Rock,93,65,3,321.1,0.458,0.473,0.491
2015,5,2015-05,Progressive Rock,10,9,2,47.2,0.458,0.441,0.423
2015,5,2015-05,Punk Rock,15,13,1,47.3,0.498,0.383,0.6
2015,5,2015-05,Soundtrack,10,10,3,43.6,0.497,0.568,0.56
2015,5,2015-05,Symphonic Metal,1,1,1,0.1,0.151,0.551,0.652
2015,6,2015-06,Alternative Rock,222,81,3,938.2,0.542,0.519,0.495
2015,6,2015-06,Classic Rock,113,67,9,457.8,0.506,0.579,0.543
2015,6,2015-06,Electronic,2,2,1,8.8,0.485,0.651,0.649
2015,6,2015-06,Hard Rock,72,34,1,265.9,0.458,0.619,0.419
2015,6,2015-06,Indie Rock,4,3,3,15.3,0.488,0.523,0.694
2015,6,2015-06,Latin Pop,3,2,1,11.4,0.774,0.691,0.392
2015,6,2015-06,Latin Rock,213,153,5,880.4,0.479,0.511,0.44
2015,6,2015-06,Other,1372,895,105,5295.7,0.512,0.546,0.459
2015,6,2015-06,Pop,60,37,8,216.8,0.445,0.499,0.487
2015,6,2015-06,Pop Rock,226,143,4,830.7,0.54,0.473,0.494
2015,6,2015-06,Power Metal,2,2,1,7.9,0.461,0.454,0.339
2015,6,2015-06,Progressive Rock,28,27,1,101.8,0.562,0.518,0.498
2015,6,2015-06,Soundtrack,5,5,1,19.3,0.55,0.548,0.458
2015,7,2015-07,Alternative Rock,108,38,4,391.0,0.566,0.504,0.521
2015,7,2015-07,Classic Rock,158,75,5,595.0,0.496,0.556,0.542
2015,7,2015-07,Grunge,4,4,1,12.6,0.601,0.644,0.473
2015,7,2015-07,Hard Rock,75,21,1,283.2,0.472,0.635,0.402
2015,7,2015-07,Hip Hop,5,5,1,22.9,0.677,0.401,0.453
2015,7,2015-07,Indie Rock,8,6,2,24.4,0.597,0.5,0.511
2015,7,2015-07,Jazz,9,9,1,28.0,0.389,0.519,0.644
2015,7,2015-07,Latin Pop,3,3,1,12.3,0.467,0.562,0.601
2015,7,2015-07,Latin Rock,55,28,1,231.7,0.445,0.46,0.446
2015,7,2015-07,Other,1021,677,88,3783.0,0.496,0.519,0.475
2015,7,2015-07,Pop,117,75,6,453.8,0.45,0.469,0.47
2015,7,2015-07,Pop Rock,153,69,2,575.9,0.522,0.496,0.465
2015,7,2015-07,Progressive Rock,26,25,2,85.1,0.569,0.518,0.448
2015,7,2015-07,Punk Rock,3,3,1,10.2,0.492,0.754,0.651
2015,8,2015-08,Alternative Rock,53,10,2,210.8,0.599,0.509,0.519
2015,8,2015-08,Classic Rock,28,17,4,96.0,0.491,0.602,0.615
2015,8,2015-08,Electronic,17,7,2,66.2,0.554,0.426,0.556
2015,8,2015-08,Grunge,3,3,1,8.2,0.475,0.406,0.683
2015,8,2015-08,Hard Rock,102,30,2,346.2,0.477,0.586,0.406
2015,8,2015-08,Indie Rock,10,9,1,45.7,0.557,0.499,0.589
2015,8,2015-08,Latin Rock,71,40,5,280.0,0.492,0.474,0.441
2015,8,2015-08,Metal,3,3,1,13.7,0.305,0.752,0.671
2015,8,2015-08,Other,858,610,100,3067.7,0.519,0.553,0.498
2015,8,2015-08,Pop,82,53,8,309.9,0.508,0.484,0.427
2015,8,2015-08,Pop Rock,102,68,3,370.0,0.561,0.515,0.449
2015,8,2015-08,Progressive Rock,6,6,2,30.1,0.532,0.577,0.531
2015,8,2015-08,Soundtrack,7,6,1,20.5,0.459,0.56,0.351
2015,9,2015-09,Alternative Rock,27,16,2,95.4,0.549,0.625,0.528
2015,9,2015-09,Classic Rock,63,51,6,273.8,0.519,0.556,0.54
2015,9,2015-09,Electronic,11,5,1,45.1,0.626,0.493,0.561
2015,9,2015-09,Grunge,18,16,2,63.0,0.438,0.533,0.432
2015,9,2015-09,Hard Rock,27,16,2,99.0,0.463,0.553,0.382
2015,9,2015-09,Indie Rock,8,7,2,33.1,0.552,0.43,0.58
2015,9,2015-09,Latin Pop,10,10,1,42.6,0.387,0.472,0.495
2015,9,2015-09,Latin Rock,17,14,3,51.7,0.369,0.489,0.516
2015,9,2015-09,Metal,1,1,1,0.3,0.148,0.71,0.591
2015,9,2015-09,Other,776,484,75,2731.4,0.519,0.525,0.495
2015,9,2015-09,Pop,125,77,5,135.6,0.516,0.503,0.482
2015,9,2015-09,Pop Rock,155,62,4,554.7,0.526,0.487,0.474
2015,9,2015-09,Progressive Metal,11,6,1,55.2,0.525,0.479,0.562
2015,9,2015-09,Progressive Rock,91,45,4,462.6,0.459,0.52,0.519
2015,9,2015-09,Punk Rock,1,1,1,0.6,0.321,0.89,0.428
2015,10,2015-10,Alternative Rock,178,71,9,602.5,0.54,0.509,0.49
2015,10,2015-10,Classic Rock,116,60,13,425.2,0.491,0.564,0.559
2015,10,2015-10,Classical,5,5,3,25.0,0.405,0.37,0.636
2015,10,2015-10,Grunge,5,5,2,16.0,0.4,0.497,0.456
2015,10,2015-10,Hard Rock,80,34,8,251.1,0.475,0.557,0.378
2015,10,2015-10,Hip Hop,2,2,1,5.5,0.578,0.672,0.358
2015,10,2015-10,Indie Rock,12,9,5,36.7,0.444,0.554,0.646
2015,10,2015-10,Latin Pop,1,1,1,0.0,0.149,0.315,0.17
2015,10,2015-10,Latin Rock,11,11,3,33.9,0.534,0.498,0.498
2015,10,2015-10,Metal,5,4,4,11.6,0.584,0.707,0.301
2015,10,2015-10,Other,1890,1274,493,6126.9,0.5,0.539,0.513
2015,10,2015-10,Pop,83,54,14,316.9,0.502,0.466,0.531
2015,10,2015-10,Pop Rock,144,95,7,497.9,0.547,0.487,0.496
2015,10,2015-10,Power Metal,10,9,2,3.3,0.544,0.426,0.571
2015,10,2015-10,Progressive Metal,8,6,3,28.9,0.342,0.382,0.427
2015,10,2015-10,Progressive Rock,65,35,5,281.8,0.487,0.538,0.522
2015,10,2015-10,Punk Rock,9,6,3,29.4,0.41,0.752,0.478
2015,10,2015-10,R&B,4,4,2,21.0,0.386,0.306,0.483
2015,10,2015-10,Rock,2,2,2,6.6,0.608,0.239,0.378
2015,10,2015-10,Soundtrack,7,6,3,4.3,0.557,0.518,0.388
2015,10,2015-10,Symphonic Metal,1,1,1,4.0,0.583,0.315,0.676
2015,11,2015-11,Alternative Rock,84,52,10,282.5,0.52,0.557,0.496
2015,11,2015-11,Classic Rock,152,87,12,596.0,0.509,0.59,0.573
2015,11,2015-11,Electronic,5,3,1,17.8,0.404,0.555,0.605
2015,11,2015-11,Folk,1,1,1,5.1,0.814,0.332,0.59
2015,11,2015-11,Hard Rock,207,94,9,511.8,0.538,0.575,0.438
2015,11,2015-11,Hip Hop,1,1,1,0.5,0.63,0.655,0.71
2015,11,2015-11,Indie Rock,13,10,6,46.7,0.435,0.546,0.467
2015,11,2015-11,Latin Rock,70,56,10,265.1,0.417,0.507,0.497
2015,11,2015-11,Metal,6,6,3,22.3,0.363,0.741,0.301
2015,11,2015-11,Other,1781,1147,368,6088.3,0.48,0.584,0.486
2015,11,2015-11,Pop,107,55,13,405.2,0.449,0.48,0.481
2015,11,2015-11,Pop Rock,52,40,5,185.6,0.509,0.431,0.547
2015,11,2015-11,Progressive Metal,15,14,3,76.2,0.488,0.585,0.444
2015,11,2015-11,Progressive Rock,28,15,3,135.5,0.462,0.572,0.534
2015,11,2015-11,Punk Rock,8,7,3,9.0,0.448,0.691,0.527
2015,11,2015-11,R&B,1,1,1,4.7,0.456,0.141,0.718
2015,11,2015-11,Rock,1,1,1,3.8,0.619,0.4,0.603
2015,11,2015-11,Soundtrack,1,1,1,3.7,0.631,0.5,0.68
2015,12,2015-12,Alternative Rock,146,75,9,534.5,0.532,0.558,0.504
2015,12,2015-12,Classic Rock,31,25,6,121.4,0.499,0.601,0.636
2015,12,2015-12,Electronic,11,11,1,46.9,0.609,0.487,0.57
2015,12,2015-12,Grunge,2,2,2,10.8,0.313,0.688,0.336
2015,12,2015-12,Hard Rock,270,83,10,690.8,0.536,0.552,0.446
2015,12,2015-12,Indie Rock,9,7,3,32.7,0.505,0.39,0.5
2015,12,2015-12,Latin Rock,10,9,4,27.4,0.306,0.512,0.516
2015,12,2015-12,Metal,9,6,3,20.1,0.369,0.658,0.297
2015,12,2015-12,Other,1684,920,250,5631.1,0.495,0.56,0.503
2015,12,2015-12,Pop,24,18,7,75.2,0.433,0.499,0.463
2015,12,2015-12,Pop Rock,56,45,7,197.5,0.507,0.445,0.445
2015,12,2015-12,Power Metal,17,16,1,11.5,0.558,0.427,0.439
2015,12,2015-12,Progressive Metal,31,18,2,133.1,0.602,0.553,0.422
2015,12,2015-12,Progressive Rock,253,73,5,1177.1,0.451,0.495,0.498
2015,12,2015-12,Punk Rock,8,3,3,31.6,0.44,0.87,0.526
2015,12,2015-12,R&B,1,1,1,4.0,0.42,0.58,0.216
2015,12,2015-12,Rock,1,1,1,3.8,0.619,0.4,0.603
2016,1,2016-01,Alternative Rock,274,113,10,817.6,0.498,0.552,0.449
2016,1,2016-01,Classic Rock,61,40,9,234.2,0.501,0.579,0.582
2016,1,2016-01,Electronic,6,4,1,22.2,0.702,0.394,0.514
2016,1,2016-01,Grunge,3,3,2,12.0,0.361,0.786,0.401
2016,1,2016-01,Hard Rock,713,178,11,1528.6,0.52,0.552,0.439
2016,1,2016-01,Hip Hop,3,3,1,11.9,0.81,0.418,0.352
2016,1,2016-01,Indie Rock,20,7,3,57.9,0.505,0.352,0.526
2016,1,2016-01,Latin Rock,45,41,6,146.8,0.458,0.474,0.476
2016,1,2016-01,Metal,1,1,1,0.6,0.148,0.71,0.591
2016,1,2016-01,Other,2970,1564,362,7418.3,0.486,0.566,0.501
2016,1,2016-01,Pop,46,37,8,141.8,0.495,0.526,0.435
2016,1,2016-01,Pop Rock,171,98,6,508.9,0.508,0.452,0.492
2016,1,2016-01,Power Metal,111,68,1,39.4,0.536,0.514,0.555
2016,1,2016-01,Progressive Metal,21,17,3,49.0,0.514,0.356,0.459
2016,1,2016-01,Progressive Rock,47,20,4,214.7,0.442,0.519,0.52
2016,1,2016-01,Punk Rock,45,23,5,63.9,0.437,0.691,0.537
2016,1,2016-01,Rock,1,1,1,3.8,0.619,0.4,0.603
2016,1,2016-01,Soundtrack,69,58,7,218.3,0.547,0.49,0.416
2016,2,2016-02,Alternative Rock,279,134,10,676.9,0.51,0.526,0.52
2016,2,2016-02,Classic Rock,45,36,4,173.9,0.536,0.578,0.555
2016,2,2016-02,Electronic,37,25,3,64.9,0.507,0.505,0.515
2016,2,2016-02,Grunge,19,14,3,60.3,0.449,0.533,0.375
2016,2,2016-02,Hard Rock,156,86,3,403.5,0.491,0.561,0.44
2016,2,2016-02,Indie Rock,4,3,3,11.4,0.502,0.279,0.541
2016,2,2016-02,Latin Rock,5,5,2,10.7,0.545,0.408,0.603
2016,2,2016-02,Metal,50,41,4,181.2,0.478,0.613,0.504
2016,2,2016-02,Other,1333,927,159,3507.0,0.495,0.551,0.503
2016,2,2016-02,Pop,24,21,7,57.0,0.45,0.563,0.455
2016,2,2016-02,Pop Rock,87,66,7,250.4,0.53,0.461,0.461
2016,2,2016-02,Power Metal,47,35,2,117.1,0.565,0.453,0.595
2016,2,2016-02,Progressive Metal,35,23,2,118.3,0.514,0.409,0.529
2016,2,2016-02,Progressive Rock,126,97,2,142.0,0.47,0.415,0.386
2016,2,2016-02,Punk Rock,20,13,5,66.8,0.442,0.747,0.546
2016,2,2016-02,Soundtrack,14,12,2,41.8,0.556,0.479,0.403
2016,2,2016-02,Symphonic Metal,2,1,1,8.6,0.419,0.697,0.373
2016,3,2016-03,Alternative Rock,225,93,8,769.2,0.506,0.517,0.466
2016,3,2016-03,Classic Rock,50,38,9,188.6,0.5,0.558,0.572
2016,3,2016-03,Classical,4,3,1,17.3,0.292,0.4,0.632
2016,3,2016-03,Electronic,1,1,1,4.6,0.439,0.838,0.818
2016,3,2016-03,Grunge,8,8,2,33.2,0.534,0.632,0.418
2016,3,2016-03,Hard Rock,137,66,3,373.2,0.458,0.535,0.433
2016,3,2016-03,Indie Rock,2,2,2,6.2,0.468,0.456,0.497
2016,3,2016-03,Latin Rock,5,5,3,17.0,0.324,0.507,0.627
2016,3,2016-03,Metal,97,45,3,313.4,0.463,0.658,0.42
2016,3,2016-03,Other,1846,1011,228,5706.6,0.483,0.531,0.495
2016,3,2016-03,Pop,37,22,7,122.9,0.464,0.5,0.518
2016,3,2016-03,Pop Rock,315,134,10,1061.7,0.502,0.463,0.477
2016,3,2016-03,Power Metal,265,69,2,844.8,0.54,0.448,0.59
2016,3,2016-03,Progressive Metal,13,9,2,30.9,0.609,0.533,0.562
2016,3,2016-03,Progressive Rock,21,21,1,102.8,0.468,0.445,0.558
2016,3,2016-03,Punk Rock,10,6,3,39.7,0.309,0.87,0.578
2016,3,2016-03,Soundtrack,33,22,2,116.6,0.559,0.537,0.374
2016,3,2016-03,Symphonic Metal,2,1,1,7.1,0.68,0.313,0.794
2016,4,2016-04,Alternative Rock,516,140,9,1294.4,0.54,0.516,0.463
2016,4,2016-04,Classic Rock,45,29,11,94.1,0.506,0.588,0.505
2016,4,2016-04,Electronic,25,12,2,25.5,0.526,0.376,0.458
2016,4,2016-04,Grunge,32,16,4,125.3,0.483,0.63,0.391
2016,4,2016-04,Hard Rock,93,54,10,213.3,0.547,0.571,0.459
2016,4,2016-04,Hip Hop,1,1,1,0.1,0.636,0.526,0.465
2016,4,2016-04,Indie Rock,15,9,4,40.8,0.438,0.36,0.564
2016,4,2016-04,Jazz,1,1,1,0.4,0.526,0.636,0.895
2016,4,2016-04,Latin Folk,1,1,1,1.6,0.363,0.281,0.415
2016,4,2016-04,Latin Rock,3,3,2,5.7,0.495,0.545,0.482
2016,4,2016-04,Metal,3,3,2,6.1,0.619,0.443,0.318
2016,4,2016-04,Other,2228,1151,321,5234.2,0.527,0.51,0.497
2016,4,2016-04,Pop,98,42,13,250.9,0.467,0.499,0.473
2016,4,2016-04,Pop Rock,254,110,9,536.6,0.502,0.454,0.45
2016,4,2016-04,Power Metal,26,17,1,26.3,0.535,0.436,0.571
2016,4,2016-04,Progressive Metal,11,9,2,19.3,0.449,0.346,0.459
2016,4,2016-04,Progressive Rock,11,6,3,36.7,0.412,0.496,0.439
2016,4,2016-04,Punk Rock,18,11,5,41.6,0.352,0.7,0.551
2016,4,2016-04,Soundtrack,3,3,3,12.0,0.554,0.398,0.46
2016,4,2016-04,Symphonic Metal,1,1,1,0.1,0.68,0.313,0.794
2016,5,2016-05,Alternative Rock,237,103,11,685.8,0.497,0.548,0.475
2016,5,2016-05,Classic Rock,119,82,11,447.2,0.505,0.521,0.592
2016,5,2016-05,Electronic,91,43,3,295.6,0.53,0.508,0.527
2016,5,2016-05,Grunge,16,14,3,61.6,0.555,0.54,0.391
2016,5,2016-05,Hard Rock,115,58,5,300.8,0.502,0.53,0.428
2016,5,2016-05,Indie Rock,20,14,5,72.3,0.544,0.418,0.59
2016,5,2016-05,Latin Rock,32,24,5,102.3,0.389,0.561,0.437
2016,5,2016-05,Metal,1,1,1,7.1,0.639,0.865,0.409
2016,5,2016-05,Other,2114,1339,367,5800.5,0.501,0.544,0.493
2016,5,2016-05,Pop,63,38,11,203.3,0.424,0.542,0.483
2016,5,2016-05,Pop Rock,327,128,11,903.6,0.508,0.487,0.479
2016,5,2016-05,Power Metal,23,18,1,23.2,0.582,0.492,0.667
2016,5,2016-05,Progressive Metal,10,7,2,7.2,0.523,0.532,0.174
2016,5,2016-05,Progressive Rock,7,3,2,18.1,0.311,0.425,0.377
2016,5,2016-05,Punk Rock,14,6,5,41.1,0.462,0.846,0.579
2016,5,2016-05,Rock,1,1,1,3.8,0.619,0.4,0.603
2016,5,2016-05,Soundtrack,25,17,4,66.5,0.583,0.528,0.372
2016,6,2016-06,Alternative Rock,145,85,11,335.4,0.556,0.535,0.463
2016,6,2016-06,Classic Rock,95,66,9,376.6,0.522,0.575,0.56
2016,6,2016-06,Electronic,55,31,2,194.6,0.477,0.493,0.533
2016,6,2016-06,Grunge,11,9,2,32.0,0.533,0.65,0.53
2016,6,2016-06,Hard Rock,277,127,8,653.5,0.538,0.554,0.43
2016,6,2016-06,Indie Rock,20,16,5,66.0,0.486,0.497,0.598
2016,6,2016-06,Latin Pop,4,4,3,9.7,0.43,0.79,0.526
2016,6,2016-06,Latin Rock,5,4,2,17.4,0.305,0.676,0.538
2016,6,2016-06,Metal,48,45,5,125.9,0.502,0.56,0.452
2016,6,2016-06,Other,2494,1720,453,7034.0,0.509,0.518,0.511
2016,6,2016-06,Pop,31,20,6,112.6,0.52,0.493,0.436
2016,6,2016-06,Pop Rock,209,98,10,647.2,0.515,0.5,0.468
2016,6,2016-06,Post-Hardcore,6,5,1,5.0,0.662,0.529,0.604
2016,6,2016-06,Power Metal,46,24,1,49.2,0.521,0.496,0.599
2016,6,2016-06,Progressive Metal,33,28,3,96.0,0.534,0.464,0.463
2016,6,2016-06,Progressive Rock,14,10,3,43.7,0.546,0.397,0.496
2016,6,2016-06,Punk Rock,8,5,3,30.9,0.474,0.654,0.526
2016,6,2016-06,Rock,3,1,1,9.8,0.619,0.4,0.603
2016,6,2016-06,Soundtrack,27,15,3,68.9,0.532,0.469,0.48
2016,7,2016-07,Alternative Rock,213,122,14,458.9,0.505,0.537,0.481
2016,7,2016-07,Classic Rock,59,46,12,186.5,0.545,0.572,0.559
2016,7,2016-07,Doom Metal,3,3,1,1.3,0.62,0.447,0.711
2016,7,2016-07,Electronic,56,27,4,98.2,0.521,0.54,0.595
2016,7,2016-07,Grunge,4,4,2,11.3,0.546,0.607,0.466
2016,7,2016-07,Hard Rock,78,50,6,188.9,0.481,0.581,0.435
2016,7,2016-07,Hip Hop,2,2,2,4.0,0.746,0.574,0.538
2016,7,2016-07,Indie Rock,12,10,5,44.9,0.394,0.464,0.523
2016,7,2016-07,Latin Folk,1,1,1,2.2,0.572,0.693,0.315
2016,7,2016-07,Latin Rock,7,7,2,30.7,0.431,0.429,0.489
2016,7,2016-07,Metal,5,5,2,23.2,0.312,0.418,0.253
2016,7,2016-07,Other,2517,1609,501,5973.4,0.501,0.517,0.497
2016,7,2016-07,Pop,42,21,7,114.5,0.506,0.43,0.366
2016,7,2016-07,Pop Rock,127,75,8,337.5,0.502,0.461,0.491
2016,7,2016-07,Post-Hardcore,6,3,1,5.8,0.658,0.462,0.406
2016,7,2016-07,Post-Rock,11,7,1,39.9,0.503,0.493,0.377
2016,7,2016-07,Power Metal,48,31,2,85.4,0.547,0.539,0.54
2016,7,2016-07,Progressive Metal,46,33,4,77.6,0.576,0.536,0.47
2016,7,2016-07,Progressive Rock,44,38,2,164.3,0.468,0.383,0.398
2016,7,2016-07,Punk Rock,12,8,4,25.6,0.568,0.561,0.448
2016,7,2016-07,Rock,1,1,1,3.8,0.619,0.4,0.603
2016,7,2016-07,Soundtrack,30,8,3,55.8,0.546,0.595,0.475
2016,7,2016-07,Symphonic Metal,1,1,1,1.3,0.199,0.721,0.359
2016,8,2016-08,Alternative Rock,145,82,10,218.2,0.52,0.526,0.479
2016,8,2016-08,Classic Rock,25,15,5,15.7,0.495,0.491,0.386
2016,8,2016-08,Electronic,74,43,3,199.1,0.522,0.499,0.508
2016,8,2016-08,Grunge,1,1,1,0.3,0.395,0.532,0.297
2016,8,2016-08,Hard Rock,40,24,4,67.7,0.394,0.532,0.502
2016,8,2016-08,Indie Rock,4,4,2,7.4,0.488,0.466,0.358
2016,8,2016-08,Latin Rock,19,19,3,57.7,0.499,0.516,0.449
2016,8,2016-08,Metal,9,9,3,33.1,0.456,0.609,0.41
2016,8,2016-08,Other,1242,762,271,2749.7,0.485,0.509,0.493
2016,8,2016-08,Pop,4,3,2,1.3,0.468,0.462,0.308
2016,8,2016-08,Pop Rock,56,36,6,90.8,0.536,0.516,0.526
2016,8,2016-08,Post-Hardcore,14,11,2,31.7,0.551,0.381,0.531
2016,8,2016-08,Post-Rock,7,2,1,7.3,0.546,0.528,0.408
2016,8,2016-08,Power Metal,48,27,1,62.8,0.552,0.482,0.568
2016,8,2016-08,Progressive Metal,92,39,2,362.3,0.652,0.485,0.535
2016,8,2016-08,Progressive Rock,17,9,2,52.8,0.343,0.558,0.406
2016,8,2016-08,Punk Rock,1,1,1,0.2,0.728,0.406,0.171
2016,8,2016-08,Soundtrack,16,8,2,37.9,0.494,0.548,0.495
2016,9,2016-09,Alternative Rock,31,25,8,44.5,0.5,0.483,0.437
2016,9,2016-09,Classic Rock,9,7,4,1.2,0.471,0.523,0.44
2016,9,2016-09,Electronic,15,11,1,50.5,0.517,0.514,0.497
2016,9,2016-09,Grunge,7,6,1,21.9,0.426,0.713,0.471
2016,9,2016-09,Hard Rock,22,14,2,45.3,0.421,0.471,0.505
2016,9,2016-09,Other,290,229,89,608.4,0.502,0.546,0.466
2016,9,2016-09,Pop,3,2,2,0.2,0.533,0.745,0.462
2016,9,2016-09,Pop Rock,4,4,2,0.4,0.552,0.352,0.38
2016,9,2016-09,Post-Rock,1,1,1,4.8,0.616,0.297,0.049
2016,9,2016-09,Power Metal,16,11,1,37.4,0.409,0.498,0.641
2016,9,2016-09,Progressive Metal,14,10,2,50.3,0.627,0.511,0.587
2016,9,2016-09,Progressive Rock,22,17,2,92.4,0.444,0.524,0.464
2016,9,2016-09,Soundtrack,4,3,2,7.0,0.684,0.497,0.254
2016,10,2016-10,Alternative Rock,132,79,12,222.8,0.526,0.572,0.514
2016,10,2016-10,Classic Rock,22,14,5,11.7,0.508,0.515,0.456
2016,10,2016-10,Electronic,38,26,2,101.9,0.446,0.504,0.494
2016,10,2016-10,Hard Rock,95,53,5,305.9,0.462,0.57,0.419
2016,10,2016-10,Indie Rock,4,4,1,16.0,0.359,0.441,0.456
2016,10,2016-10,Metal,21,13,4,42.4,0.474,0.442,0.433
2016,10,2016-10,Other,1289,773,236,3062.3,0.511,0.528,0.492
2016,10,2016-10,Pop,3,3,3,3.7,0.484,0.542,0.544
2016,10,2016-10,Pop Rock,38,22,5,19.4,0.51,0.503,0.498
2016,10,2016-10,Post-Hardcore,7,5,1,4.4,0.627,0.43,0.468
2016,10,2016-10,Post-Rock,6,2,1,1.2,0.535,0.566,0.468
2016,10,2016-10,Power Metal,52,35,1,125.2,0.496,0.468,0.571
2016,10,2016-10,Progressive Metal,60,46,2,200.4,0.558,0.478,0.461
2016,10,2016-10,Progressive Rock,45,19,3,118.1,0.452,0.552,0.479
2016,10,2016-10,Punk Rock,41,17,2,114.6,0.425,0.503,0.405
2016,10,2016-10,Soundtrack,7,1,1,14.6,0.531,0.882,0.702
2016,11,2016-11,Alternative Rock,100,44,6,290.0,0.512,0.485,0.539
2016,11,2016-11,Classic Rock,4,3,2,0.8,0.467,0.679,0.534
2016,11,2016-11,Electronic,13,10,3,30.3,0.55,0.423,0.409
2016,11,2016-11,Hard Rock,55,23,4,206.2,0.41,0.513,0.431
2016,11,2016-11,Hip Hop,18,17,1,63.5,0.54,0.407,0.516
2016,11,2016-11,Latin Rock,12,7,1,21.4,0.415,0.546,0.502
2016,11,2016-11,Other,825,526,155,2521.5,0.528,0.515,0.499
2016,11,2016-11,Pop,2,1,1,0.6,0.481,0.847,0.468
2016,11,2016-11,Pop Rock,6,6,3,9.1,0.537,0.332,0.434
2016,11,2016-11,Post-Rock,2,1,1,4.9,0.616,0.297,0.049
2016,11,2016-11,Power Metal,16,12,1,42.7,0.414,0.499,0.56
2016,11,2016-11,Progressive Metal,71,37,2,349.0,0.551,0.493,0.411
2016,11,2016-11,Progressive Rock,103,51,4,436.4,0.476,0.541,0.539
2016,11,2016-11,Punk Rock,10,9,3,20.6,0.513,0.51,0.344
2016,11,2016-11,Soundtrack,50,32,6,119.5,0.468,0.521,0.47
2016,12,2016-12,Alternative Rock,144,68,8,217.7,0.477,0.492,0.505
2016,12,2016-12,Classic Rock,17,12,3,13.1,0.485,0.603,0.517
2016,12,2016-12,Electronic,29,20,3,65.0,0.423,0.515,0.483
2016,12,2016-12,Hard Rock,113,59,4,322.3,0.462,0.508,0.461
2016,12,2016-12,Indie Rock,1,1,1,3.3,0.508,0.619,0.591
2016,12,2016-12,Latin Rock,19,13,1,5.4,0.442,0.553,0.433
2016,12,2016-12,Metal,9,7,4,22.2,0.441,0.782,0.379
2016,12,2016-12,Other,1577,844,266,3186.8,0.489,0.499,0.501
2016,12,2016-12,Pop,5,3,2,7.9,0.522,0.601,0.399
2016,12,2016-12,Pop Rock,33,23,4,40.4,0.5,0.501,0.46
2016,12,2016-12,Post-Hardcore,3,1,1,3.7,0.679,0.359,0.288
2016,12,2016-12,Power Metal,64,33,1,65.6,0.544,0.461,0.575
2016,12,2016-12,Progressive Metal,77,32,4,278.4,0.557,0.511,0.37
2016,12,2016-12,Progressive Rock,208,72,6,518.1,0.454,0.524,0.47
2016,12,2016-12,Punk Rock,15,10,1,15.6,0.489,0.484,0.36
2016,12,2016-12,Soundtrack,13,11,4,34.1,0.607,0.509,0.377
2016,12,2016-12,Symphonic Metal,19,17,2,53.4,0.545,0.472,0.396
2017,1,2017-01,Alternative Rock,85,54,9,174.5,0.516,0.507,0.529
2017,1,2017-01,Classic Rock,11,7,3,6.9,0.507,0.498,0.38
2017,1,2017-01,Electronic,83,29,2,263.5,0.462,0.468,0.482
2017,1,2017-01,Grunge,2,2,1,6.8,0.329,0.384,0.268
2017,1,2017-01,Hard Rock,33,16,3,94.7,0.457,0.547,0.46
2017,1,2017-01,Indie Rock,1,1,1,0.3,0.508,0.619,0.591
2017,1,2017-01,Latin Rock,13,10,1,20.4,0.392,0.523,0.492
2017,1,2017-01,Metal,2,2,2,5.2,0.548,0.831,0.056
2017,1,2017-01,Other,1220,676,176,3410.7,0.483,0.532,0.448
2017,1,2017-01,Pop,2,1,1,7.7,0.376,0.229,0.157
2017,1,2017-01,Pop Rock,25,16,4,53.6,0.481,0.419,0.443
2017,1,2017-01,Post-Hardcore,2,1,1,3.7,0.679,0.359,0.288
2017,1,2017-01,Power Metal,33,24,1,75.7,0.506,0.507,0.627
2017,1,2017-01,Progressive Metal,109,49,4,319.6,0.544,0.502,0.378
2017,1,2017-01,Progressive Rock,206,99,8,878.1,0.451,0.473,0.47
2017,1,2017-01,Punk Rock,8,6,2,0.2,0.471,0.55,0.32
2017,1,2017-01,Soundtrack,35,26,4,77.1,0.483,0.521,0.386
2017,1,2017-01,Symphonic Metal,40,25,2,147.0,0.474,0.459,0.421
2017,2,2017-02,Alternative Rock,105,73,9,158.6,0.481,0.494,0.499
2017,2,2017-02,Classic Rock,16,10,3,27.4,0.49,0.718,0.521
2017,2,2017-02,Electronic,175,73,5,394.4,0.516,0.473,0.46
2017,2,2017-02,Grunge,5,4,1,18.0,0.619,0.46,0.581
2017,2,2017-02,Hard Rock,25,17,3,82.8,0.456,0.546,0.374
2017,2,2017-02,Latin Rock,3,3,1,0.3,0.445,0.608,0.579
2017,2,2017-02,Metal,21,21,5,93.2,0.558,0.626,0.419
2017,2,2017-02,Other,1344,885,224,3682.0,0.499,0.517,0.475
2017,2,2017-02,Pop,2,2,2,4.4,0.575,0.429,0.458
2017,2,2017-02,Pop Rock,29,15,5,49.1,0.534,0.446,0.538
2017,2,2017-02,Post-Rock,2,1,1,7.6,0.494,0.701,0.678
2017,2,2017-02,Power Metal,18,15,1,47.2,0.48,0.537,0.597
2017,2,2017-02,Progressive Metal,108,54,5,424.1,0.563,0.494,0.438
2017,2,2017-02,Progressive Rock,253,123,8,843.2,0.446,0.498,0.493
2017,2,2017-02,Punk Rock,2,2,1,3.4,0.75,0.413,0.267
2017,2,2017-02,Soundtrack,28,24,3,35.2,0.451,0.493,0.523
2017,2,2017-02,Symphonic Metal,65,40,2,150.4,0.465,0.436,0.523
2017,3,2017-03,Alternative Rock,190,106,12,370.9,0.492,0.475,0.477
2017,3,2017-03,Classic Rock,37,31,9,52.6,0.497,0.554,0.54
2017,3,2017-03,Classical,1,1,1,3.9,0.478,0.771,0.53
2017,3,2017-03,Electronic,120,44,7,307.8,0.51,0.509,0.487
2017,3,2017-03,Grunge,34,27,3,115.0,0.496,0.491,0.556
2017,3,2017-03,Hard Rock,38,29,5,52.5,0.436,0.489,0.474
2017,3,2017-03,Indie Rock,118,37,5,117.2,0.542,0.639,0.575
2017,3,2017-03,Latin Rock,8,7,3,6.7,0.367,0.459,0.597
2017,3,2017-03,Metal,51,44,8,152.7,0.528,0.618,0.419
2017,3,2017-03,Other,2757,1954,450,5655.3,0.499,0.51,0.51
2017,3,2017-03,Pop,16,15,8,28.6,0.45,0.475,0.46
2017,3,2017-03,Pop Rock,68,59,5,153.6,0.574,0.506,0.532
2017,3,2017-03,Post-Hardcore,3,1,1,3.7,0.679,0.359,0.288
2017,3,2017-03,Power Metal,36,27,2,90.1,0.459,0.475,0.535
2017,3,2017-03,Progressive Metal,129,86,4,304.1,0.545,0.52,0.445
2017,3,2017-03,Progressive Rock,195,94,9,519.3,0.467,0.499,0.463
2017,3,2017-03,Punk Rock,253,142,9,479.7,0.487,0.525,0.486
2017,3,2017-03,Rock,3,1,1,11.6,0.619,0.4,0.603
2017,3,2017-03,Soundtrack,10,9,3,13.4,0.43,0.41,0.609
2017,3,2017-03,Symphonic Metal,35,30,3,111.2,0.422,0.46,0.521
2017,4,2017-04,Alternative Metal,6,4,1,10.1,0.349,0.804,0.481
2017,4,2017-04,Alternative Rock,227,113,13,527.5,0.453,0.537,0.557
2017,4,2017-04,Classic Rock,22,16,7,49.0,0.486,0.6,0.428
2017,4,2017-04,Classical,3,3,1,12.5,0.476,0.416,0.188
2017,4,2017-04,Electronic,31,17,4,81.8,0.473,0.486,0.476
2017,4,2017-04,Grunge,40,25,2,78.9,0.501,0.559,0.568
2017,4,2017-04,Hard Rock,12,12,3,34.3,0.444,0.617,0.386
2017,4,2017-04,Hip Hop,1,1,1,0.3,0.569,0.831,0.348
2017,4,2017-04,Indie Rock,89,30,6,186.2,0.5,0.584,0.577
2017,4,2017-04,Latin Rock,40,20,4,78.9,0.56,0.483,0.605
2017,4,2017-04,Metal,13,11,4,20.7,0.537,0.535,0.431
2017,4,2017-04,Other,2202,1247,431,4905.6,0.51,0.529,0.528
2017,4,2017-04,Pop,36,28,8,108.2,0.397,0.54,0.457
2017,4,2017-04,Pop Rock,27,22,6,46.3,0.565,0.432,0.544
2017,4,2017-04,Post-Hardcore,1,1,1,0.1,0.679,0.359,0.288
2017,4,2017-04,Post-Rock,1,1,1,0.0,0.438,0.528,0.264
2017,4,2017-04,Power Metal,14,10,1,37.6,0.533,0.489,0.507
2017,4,2017-04,Progressive Metal,60,35,3,112.4,0.554,0.47,0.458
2017,4,2017-04,Progressive Rock,129,68,7,408.8,0.473,0.503,0.488
2017,4,2017-04,Punk Rock,124,71,6,197.2,0.556,0.488,0.506
2017,4,2017-04,Soundtrack,1,1,1,3.7,0.67,0.579,0.266
2017,4,2017-04,Symphonic Metal,10,6,3,13.8,0.464,0.395,0.478
2017,5,2017-05,Alternative Metal,1,1,1,2.1,0.543,0.405,0.641
2017,5,2017-05,Alternative Rock,351,137,14,855.8,0.473,0.552,0.515
2017,5,2017-05,Classic Rock,38,30,6,69.7,0.501,0.534,0.454
2017,5,2017-05,Classical,1,1,1,0.0,0.478,0.771,0.53
2017,5,2017-05,Electronic,83,42,5,202.5,0.524,0.468,0.49
2017,5,2017-05,Grunge,23,15,4,62.5,0.469,0.36,0.424
2017,5,2017-05,Hard Rock,66,49,4,196.4,0.469,0.567,0.45
2017,5,2017-05,Indie Rock,195,55,7,447.8,0.53,0.576,0.577
2017,5,2017-05,Latin Rock,9,8,2,23.5,0.411,0.523,0.642
2017,5,2017-05,Metal,33,25,9,102.9,0.537,0.564,0.443
2017,5,2017-05,Other,3814,2126,586,8691.3,0.505,0.496,0.508
2017,5,2017-05,Pop,50,35,16,91.5,0.489,0.445,0.471
2017,5,2017-05,Pop Rock,146,69,8,218.8,0.506,0.47,0.436
2017,5,2017-05,Post-Hardcore,1,1,1,0.0,0.679,0.359,0.288
2017,5,2017-05,Power Metal,44,25,1,69.5,0.493,0.433,0.529
2017,5,2017-05,Progressive Metal,71,38,3,255.0,0.591,0.487,0.461
2017,5,2017-05,Progressive Rock,333,163,10,833.0,0.481,0.509,0.483
2017,5,2017-05,Punk Rock,230,112,9,456.9,0.496,0.491,0.494
2017,5,2017-05,Rock,20,4,3,48.8,0.667,0.534,0.708
2017,5,2017-05,Soundtrack,28,12,4,71.5,0.44,0.591,0.469
2017,5,2017-05,Symphonic Metal,8,8,3,16.7,0.496,0.475,0.473
2017,6,2017-06,Alternative Rock,202,116,14,324.2,0.492,0.526,0.546
2017,6,2017-06,Classic Rock,56,43,8,78.8,0.466,0.523,0.533
2017,6,2017-06,Electronic,24,19,5,50.1,0.464,0.524,0.504
2017,6,2017-06,Grunge,10,8,4,11.3,0.419,0.539,0.395
2017,6,2017-06,Hard Rock,70,56,7,137.4,0.469,0.547,0.455
2017,6,2017-06,Hip Hop,2,1,1,0.0,0.248,0.404,0.711
2017,6,2017-06,Indie Rock,70,35,8,116.8,0.488,0.591,0.588
2017,6,2017-06,Latin Folk,1,1,1,0.5,0.584,0.84,0.378
2017,6,2017-06,Latin Pop,1,1,1,0.0,0.541,0.259,0.322
2017,6,2017-06,Latin Rock,84,35,6,172.4,0.465,0.461,0.47
2017,6,2017-06,Metal,44,32,7,131.2,0.508,0.615,0.527
2017,6,2017-06,Other,3885,2354,731,7482.9,0.487,0.517,0.493
2017,6,2017-06,Pop,82,56,15,180.4,0.488,0.505,0.393
2017,6,2017-06,Pop Rock,133,52,9,263.1,0.501,0.505,0.421
2017,6,2017-06,Post-Hardcore,1,1,1,1.2,0.679,0.359,0.288
2017,6,2017-06,Post-Rock,1,1,1,0.0,0.438,0.528,0.264
2017,6,2017-06,Power Metal,50,35,2,109.9,0.477,0.501,0.539
2017,6,2017-06,Progressive Metal,71,46,4,222.6,0.569,0.52,0.439
2017,6,2017-06,Progressive Rock,395,155,9,974.2,0.48,0.526,0.449
2017,6,2017-06,Punk Rock,65,35,6,105.2,0.506,0.482,0.449
2017,6,2017-06,R&B,1,1,1,0.0,0.487,0.427,0.158
2017,6,2017-06,Rock,17,5,5,37.1,0.658,0.448,0.53
2017,6,2017-06,Soundtrack,36,23,4,26.4,0.482,0.517,0.537
2017,6,2017-06,Symphonic Metal,41,24,3,140.5,0.48,0.466,0.55
2017,7,2017-07,Alternative Metal,1,1,1,0.1,0.543,0.405,0.641
2017,7,2017-07,Alternative Rock,285,165,13,612.2,0.485,0.572,0.514
2017,7,2017-07,Classic Rock,47,40,10,120.2,0.55,0.498,0.494
2017,7,2017-07,Electronic,40,28,6,84.1,0.519,0.496,0.4
2017,7,2017-07,Grunge,4,4,3,4.4,0.424,0.562,0.575
2017,7,2017-07,Hard Rock,82,48,6,244.8,0.483,0.554,0.415
2017,7,2017-07,Hip Hop,1,1,1,0.0,0.249,0.772,0.113
2017,7,2017-07,Indie Rock,47,29,10,65.8,0.483,0.524,0.546
2017,7,2017-07,Latin Rock,23,19,6,31.5,0.477,0.497,0.52
2017,7,2017-07,Metal,33,21,8,67.1,0.464,0.638,0.396
2017,7,2017-07,Other,3001,1924,628,5972.6,0.507,0.527,0.487
2017,7,2017-07,Pop,72,31,12,170.8,0.545,0.51,0.433
2017,7,2017-07,Pop Rock,244,72,8,489.3,0.49,0.539,0.412
2017,7,2017-07,Power Metal,36,21,2,61.3,0.439,0.46,0.52
2017,7,2017-07,Progressive Metal,104,65,5,322.9,0.543,0.484,0.413
2017,7,2017-07,Progressive Rock,209,91,9,467.8,0.475,0.513,0.477
2017,7,2017-07,Punk Rock,62,45,5,106.0,0.54,0.505,0.489
2017,7,2017-07,Rock,12,4,4,28.2,0.621,0.529,0.562
2017,7,2017-07,Soundtrack,42,32,5,123.6,0.471,0.565,0.595
2017,7,2017-07,Symphonic Metal,29,20,3,129.5,0.498,0.47,0.529
2017,8,2017-08,Alternative Rock,138,83,12,234.6,0.494,0.508,0.522
2017,8,2017-08,Classic Rock,50,37,12,85.9,0.533,0.614,0.55
2017,8,2017-08,Electronic,27,23,3,90.2,0.476,0.498,0.389
2017,8,2017-08,Grunge,13,13,3,31.9,0.472,0.397,0.523
2017,8,2017-08,Hard Rock,18,16,7,14.4,0.465,0.623,0.447
2017,8,2017-08,Hip Hop,2,2,1,9.8,0.643,0.386,0.528
2017,8,2017-08,Indie Rock,39,29,9,67.8,0.458,0.501,0.572
2017,8,2017-08,Latin Folk,1,1,1,0.3,0.697,0.532,0.54
2017,8,2017-08,Latin Rock,158,75,5,449.5,0.483,0.479,0.479
2017,8,2017-08,Metal,12,12,6,11.2,0.529,0.651,0.392
2017,8,2017-08,Other,2460,1545,520,5503.3,0.489,0.505,0.474
2017,8,2017-08,Pop,146,46,15,352.8,0.576,0.511,0.475
2017,8,2017-08,Pop Rock,108,44,11,260.9,0.492,0.531,0.423
2017,8,2017-08,Power Metal,37,31,1,65.9,0.52,0.442,0.532
2017,8,2017-08,Progressive Metal,58,43,4,149.0,0.566,0.489,0.504
2017,8,2017-08,Progressive Rock,179,92,9,604.4,0.468,0.562,0.509
2017,8,2017-08,Punk Rock,37,33,5,76.7,0.555,0.475,0.48
2017,8,2017-08,R&B,3,3,1,8.1,0.539,0.702,0.45
2017,8,2017-08,Rock,6,2,2,13.1,0.678,0.548,0.711
2017,8,2017-08,Soundtrack,13,7,1,31.5,0.41,0.568,0.628
2017,8,2017-08,Symphonic Metal,5,4,1,3.9,0.322,0.38,0.427
2017,9,2017-09,Alternative Metal,3,2,1,4.3,0.321,0.832,0.546
2017,9,2017-09,Alternative Rock,129,79,11,286.8,0.453,0.538,0.53
2017,9,2017-09,Classic Rock,24,18,7,47.3,0.432,0.582,0.459
2017,9,2017-09,Electronic,66,46,4,228.1,0.462,0.524,0.435
2017,9,2017-09,Folk,1,1,1,0.0,0.684,0.29,0.136
2017,9,2017-09,Grunge,4,3,2,3.6,0.606,0.693,0.574
2017,9,2017-09,Hard Rock,46,30,7,126.9,0.502,0.541,0.389
2017,9,2017-09,Hip Hop,5,4,2,11.1,0.687,0.796,0.517
2017,9,2017-09,Indie Rock,14,12,7,30.8,0.618,0.572,0.468
2017,9,2017-09,Latin Pop,1,1,1,4.0,0.425,0.954,0.933
2017,9,2017-09,Latin Rock,58,44,6,117.2,0.492,0.475,0.51
2017,9,2017-09,Metal,85,63,9,222.7,0.55,0.521,0.465
2017,9,2017-09,Other,2400,1596,550,5375.8,0.489,0.535,0.477
2017,9,2017-09,Pop,269,66,14,586.0,0.465,0.416,0.498
2017,9,2017-09,Pop Rock,99,51,9,271.4,0.458,0.543,0.442
2017,9,2017-09,Post-Hardcore,17,16,2,41.7,0.489,0.463,0.476
2017,9,2017-09,Post-Rock,1,1,1,0.2,0.616,0.297,0.049
2017,9,2017-09,Power Metal,7,7,2,4.4,0.475,0.636,0.564
2017,9,2017-09,Progressive Metal,54,39,4,179.8,0.513,0.538,0.43
2017,9,2017-09,Progressive Rock,105,67,8,383.8,0.454,0.534,0.517
2017,9,2017-09,Punk Rock,50,43,7,129.7,0.485,0.566,0.499
2017,9,2017-09,Rock,5,3,3,13.1,0.685,0.559,0.709
2017,9,2017-09,Soundtrack,6,6,1,5.7,0.43,0.552,0.509
2017,9,2017-09,Symphonic Metal,11,9,3,0.8,0.556,0.509,0.491
2017,10,2017-10,Alternative Metal,4,2,1,0.0,0.551,0.835,0.225
2017,10,2017-10,Alternative Rock,86,63,13,195.1,0.543,0.53,0.512
2017,10,2017-10,Classic Rock,49,37,12,130.8,0.492,0.556,0.51
2017,10,2017-10,Electronic,21,15,4,38.2,0.373,0.501,0.504
2017,10,2017-10,Grunge,13,10,3,32.0,0.534,0.532,0.531
2017,10,2017-10,Hard Rock,52,32,6,154.0,0.504,0.538,0.368
2017,10,2017-10,Hip Hop,13,12,2,36.2,0.651,0.507,0.493
2017,10,2017-10,Indie Rock,17,15,5,19.2,0.509,0.554,0.571
2017,10,2017-10,Latin Folk,7,6,1,12.0,0.483,0.574,0.521
2017,10,2017-10,Latin Pop,3,3,2,4.7,0.487,0.52,0.735
2017,10,2017-10,Latin Rock,132,89,10,317.7,0.416,0.499,0.569
2017,10,2017-10,Metal,237,108,10,594.2,0.461,0.528,0.452
2017,10,2017-10,Other,3404,2319,945,6610.8,0.5,0.524,0.493
2017,10,2017-10,Pop,232,78,19,604.4,0.494,0.478,0.514
2017,10,2017-10,Pop Rock,120,67,9,298.6,0.494,0.528,0.42
2017,10,2017-10,Power Metal,21,18,2,66.0,0.518,0.528,0.584
2017,10,2017-10,Progressive Metal,68,42,4,167.0,0.508,0.561,0.43
2017,10,2017-10,Progressive Rock,169,112,10,498.0,0.474,0.501,0.503
2017,10,2017-10,Punk Rock,32,23,8,40.6,0.511,0.599,0.522
2017,10,2017-10,R&B,5,4,1,17.0,0.489,0.786,0.423
2017,10,2017-10,Rock,8,6,4,23.0,0.608,0.405,0.408
2017,10,2017-10,Soundtrack,4,4,1,19.4,0.421,0.631,0.498
2017,10,2017-10,Symphonic Metal,5,5,3,16.4,0.373,0.469,0.343
2017,11,2017-11,Alternative Rock,151,103,12,329.8,0.508,0.549,0.499
2017,11,2017-11,Classic Rock,65,52,15,158.8,0.502,0.574,0.566
2017,11,2017-11,Classical,2,2,1,1.7,0.609,0.68,0.522
2017,11,2017-11,Electronic,73,44,5,205.2,0.529,0.475,0.447
2017,11,2017-11,Grunge,12,11,5,32.0,0.401,0.575,0.488
2017,11,2017-11,Hard Rock,45,31,6,51.6,0.399,0.547,0.476
2017,11,2017-11,Hip Hop,6,6,3,25.5,0.693,0.459,0.364
2017,11,2017-11,Indie Rock,28,21,7,58.4,0.528,0.51,0.55
2017,11,2017-11,Latin Folk,2,2,1,6.8,0.538,0.351,0.451
2017,11,2017-11,Latin Rock,101,70,9,193.0,0.444,0.515,0.511
2017,11,2017-11,Metal,157,72,6,308.9,0.465,0.525,0.472
2017,11,2017-11,Other,2996,2166,812,5872.0,0.509,0.536,0.492
2017,11,2017-11,Pop,123,67,22,268.6,0.483,0.505,0.464
2017,11,2017-11,Pop Rock,102,69,10,229.7,0.515,0.539,0.465
2017,11,2017-11,Post-Hardcore,1,1,1,0.0,0.612,0.194,0.472
2017,11,2017-11,Post-Rock,1,1,1,0.0,0.494,0.701,0.678
2017,11,2017-11,Power Metal,13,13,1,7.0,0.464,0.378,0.549
2017,11,2017-11,Progressive Metal,49,35,4,141.2,0.495,0.531,0.426
2017,11,2017-11,Progressive Rock,162,108,9,441.9,0.458,0.48,0.479
2017,11,2017-11,Punk Rock,35,29,5,41.9,0.437,0.567,0.445
2017,11,2017-11,R&B,4,2,1,9.9,0.417,0.798,0.393
2017,11,2017-11,Rock,7,6,5,16.8,0.65,0.449,0.52
2017,11,2017-11,Soundtrack,11,10,3,7.7,0.452,0.453,0.464
2017,11,2017-11,Symphonic Metal,6,5,1,6.2,0.34,0.424,0.489
2017,12,2017-12,Alternative Rock,39,31,7,54.7,0.484,0.509,0.517
2017,12,2017-12,Classic Rock,13,13,5,20.0,0.474,0.552,0.445
2017,12,2017-12,Electronic,19,14,2,24.7,0.349,0.494,0.477
2017,12,2017-12,Hard Rock,10,7,3,27.1,0.49,0.578,0.367
2017,12,2017-12,Indie Rock,10,7,2,11.0,0.475,0.492,0.494
2017,12,2017-12,Latin Folk,1,1,1,0.1,0.642,0.669,0.589
2017,12,2017-12,Latin Rock,50,35,4,74.2,0.458,0.546,0.438
2017,12,2017-12,Metal,37,18,4,45.7,0.473,0.507,0.362
2017,12,2017-12,Other,656,493,183,1064.2,0.518,0.514,0.471
2017,12,2017-12,Pop,29,18,4,72.1,0.472,0.485,0.482
2017,12,2017-12,Pop Rock,12,7,4,15.8,0.378,0.604,0.439
2017,12,2017-12,Post-Rock,2,2,1,3.7,0.555,0.499,0.364
2017,12,2017-12,Power Metal,19,16,1,33.6,0.476,0.392,0.418
2017,12,2017-12,Progressive Metal,24,13,2,54.6,0.475,0.593,0.316
2017,12,2017-12,Progressive Rock,68,51,7,76.8,0.493,0.5,0.496
2017,12,2017-12,Punk Rock,3,3,1,4.3,0.263,0.663,0.351
2017,12,2017-12,Soundtrack,2,2,2,7.7,0.552,0.446,0.559
2017,12,2017-12,Symphonic Metal,7,7,3,20.7,0.32,0.575,0.577
2018,1,2018-01,Alternative Rock,65,30,5,187.8,0.515,0.451,0.572
2018,1,2018-01,Classic Rock,1,1,1,4.9,0.069,0.788,0.707
2018,1,2018-01,Electronic,64,23,1,158.4,0.471,0.502,0.384
2018,1,2018-01,Folk,1,1,1,1.9,0.506,0.27,0.175
2018,1,2018-01,Hard Rock,8,4,2,32.6,0.411,0.565,0.376
2018,1,2018-01,Indie Rock,3,2,1,2.0,0.473,0.57,0.647
2018,1,2018-01,Jazz,1,1,1,2.8,0.772,0.344,0.722
2018,1,2018-01,Latin Rock,11,11,3,18.8,0.347,0.664,0.514
2018,1,2018-01,Metal,59,20,2,142.8,0.48,0.549,0.482
2018,1,2018-01,Other,844,541,125,2445.2,0.496,0.531,0.519
2018,1,2018-01,Pop,13,13,4,46.2,0.476,0.39,0.563
2018,1,2018-01,Pop Rock,14,12,2,34.4,0.543,0.442,0.47
2018,1,2018-01,Power Metal,15,15,1,57.1,0.482,0.465,0.451
2018,1,2018-01,Progressive Metal,15,12,4,82.0,0.526,0.667,0.433
2018,1,2018-01,Progressive Rock,76,61,5,316.1,0.496,0.497,0.529
2018,1,2018-01,Punk Rock,2,2,2,1.7,0.532,0.241,0.64
2018,1,2018-01,R&B,27,9,1,92.4,0.438,0.622,0.525
2018,1,2018-01,Rock,1,1,1,1.3,0.619,0.4,0.603
2018,1,2018-01,Soundtrack,10,5,1,19.3,0.386,0.598,0.499
2018,1,2018-01,Symphonic Metal,13,12,1,41.1,0.497,0.471,0.547
2018,2,2018-02,Alternative Rock,75,47,8,181.7,0.495,0.492,0.515
2018,2,2018-02,Classic Rock,20,16,4,29.9,0.507,0.5,0.524
2018,2,2018-02,Electronic,48,26,2,130.5,0.574,0.482,0.429
2018,2,2018-02,Hard Rock,10,9,2,23.1,0.478,0.589,0.507
2018,2,2018-02,Indie Rock,5,5,4,10.2,0.586,0.454,0.41
2018,2,2018-02,Latin Rock,31,23,5,73.6,0.424,0.519,0.446
2018,2,2018-02,Metal,46,36,7,142.0,0.496,0.528,0.501
2018,2,2018-02,Other,938,637,202,2630.4,0.48,0.559,0.503
2018,2,2018-02,Pop,30,17,5,81.9,0.569,0.48,0.467
2018,2,2018-02,Pop Rock,12,12,4,22.0,0.525,0.494,0.455
2018,2,2018-02,Power Metal,14,14,1,24.6,0.554,0.406,0.595
2018,2,2018-02,Progressive Metal,36,21,4,96.1,0.5,0.591,0.413
2018,2,2018-02,Progressive Rock,85,54,7,294.1,0.559,0.515,0.522
2018,2,2018-02,Punk Rock,7,7,2,7.4,0.637,0.523,0.464
2018,2,2018-02,R&B,9,5,1,28.0,0.443,0.672,0.464
2018,2,2018-02,Rock,2,2,2,5.1,0.59,0.524,0.308
2018,2,2018-02,Soundtrack,1,1,1,0.0,0.192,0.85,0.182
2018,3,2018-03,Alternative Rock,31,28,6,75.0,0.432,0.442,0.448
2018,3,2018-03,Classic Rock,10,9,3,33.0,0.448,0.618,0.523
2018,3,2018-03,Classical,11,11,1,57.7,0.552,0.644,0.498
2018,3,2018-03,Electronic,9,9,3,28.1,0.443,0.544,0.479
2018,3,2018-03,Grunge,1,1,1,0.0,0.357,0.374,0.179
2018,3,2018-03,Hard Rock,5,5,4,17.3,0.553,0.624,0.444
2018,3,2018-03,Indie Rock,12,12,2,14.4,0.557,0.494,0.495
2018,3,2018-03,Latin Rock,19,17,3,66.2,0.381,0.49,0.537
2018,3,2018-03,Metal,23,13,2,14.3,0.491,0.417,0.498
2018,3,2018-03,Other,956,625,202,2888.9,0.495,0.499,0.509
2018,3,2018-03,Pop,6,3,3,19.3,0.693,0.572,0.408
2018,3,2018-03,Pop Rock,60,32,3,166.3,0.457,0.432,0.521
2018,3,2018-03,Power Metal,17,14,1,35.9,0.446,0.44,0.532
2018,3,2018-03,Progressive Metal,137,41,4,663.7,0.547,0.536,0.439
2018,3,2018-03,Progressive Rock,67,44,8,272.9,0.499,0.481,0.535
2018,3,2018-03,Punk Rock,3,3,2,0.1,0.359,0.417,0.408
2018,3,2018-03,R&B,9,9,1,29.6,0.46,0.615,0.468
2018,3,2018-03,Soundtrack,25,9,2,52.6,0.293,0.462,0.495
2018,3,2018-03,Symphonic Metal,1,1,1,8.2,0.88,0.512,0.093
2018,4,2018-04,Alternative Rock,69,49,11,115.7,0.499,0.47,0.552
2018,4,2018-04,Classic Rock,12,11,5,7.2,0.5,0.412,0.505
2018,4,2018-04,Classical,11,11,1,58.6,0.524,0.469,0.496
2018,4,2018-04,Electronic,22,17,4,34.0,0.628,0.431,0.392
2018,4,2018-04,Hard Rock,80,57,7,220.9,0.475,0.549,0.427
2018,4,2018-04,Indie Rock,9,6,4,21.5,0.414,0.459,0.586
2018,4,2018-04,Latin Rock,33,16,6,64.2,0.478,0.402,0.638
2018,4,2018-04,Metal,37,25,3,46.2,0.468,0.543,0.43
2018,4,2018-04,Other,1278,937,359,3618.6,0.471,0.54,0.482
2018,4,2018-04,Pop,33,19,5,76.3,0.498,0.418,0.495
2018,4,2018-04,Pop Rock,42,31,6,92.0,0.514,0.53,0.431
2018,4,2018-04,Post-Hardcore,1,1,1,0.0,0.679,0.359,0.288
2018,4,2018-04,Power Metal,23,19,1,39.2,0.506,0.446,0.512
2018,4,2018-04,Progressive Metal,108,51,4,436.0,0.534,0.509,0.446
2018,4,2018-04,Progressive Rock,149,87,8,590.7,0.509,0.513,0.502
2018,4,2018-04,Punk Rock,7,6,2,0.1,0.589,0.522,0.491
2018,4,2018-04,R&B,10,8,1,30.4,0.451,0.661,0.495
2018,4,2018-04,Rock,4,2,2,13.3,0.582,0.576,0.518
2018,4,2018-04,Soundtrack,3,2,1,1.0,0.29,0.833,0.333
2018,4,2018-04,Symphonic Metal,26,24,3,88.0,0.537,0.42,0.516
2018,5,2018-05,Alternative Metal,1,1,1,3.5,0.188,0.821,0.731
2018,5,2018-05,Alternative Rock,8,8,4,16.4,0.528,0.36,0.526
2018,5,2018-05,Classic Rock,6,6,3,12.2,0.549,0.536,0.424
2018,5,2018-05,Electronic,3,3,2,12.9,0.359,0.537,0.561
2018,5,2018-05,Hard Rock,77,61,2,345.4,0.491,0.556,0.45
2018,5,2018-05,Indie Rock,1,1,1,5.5,0.381,0.733,0.628
2018,5,2018-05,Metal,6,5,3,3.3,0.468,0.454,0.43
2018,5,2018-05,Other,802,546,192,2627.8,0.503,0.515,0.52
2018,5,2018-05,Pop,8,7,3,17.5,0.484,0.584,0.438
2018,5,2018-05,Pop Rock,13,9,4,35.7,0.527,0.429,0.499
2018,5,2018-05,Post-Hardcore,5,3,2,10.8,0.622,0.545,0.686
2018,5,2018-05,Power Metal,2,2,1,4.4,0.224,0.479,0.464
2018,5,2018-05,Progressive Metal,62,26,4,286.3,0.533,0.523,0.398
2018,5,2018-05,Progressive Rock,42,30,9,115.5,0.508,0.56,0.588
2018,5,2018-05,R&B,2,2,1,7.8,0.546,0.685,0.446
2018,5,2018-05,Soundtrack,4,4,1,19.4,0.421,0.631,0.498
2018,6,2018-06,Alternative Rock,45,29,8,153.8,0.514,0.509,0.453
2018,6,2018-06,Classic Rock,8,8,2,20.4,0.52,0.581,0.573
2018,6,2018-06,Electronic,34,19,2,126.6,0.547,0.431,0.352
2018,6,2018-06,Hard Rock,65,32,6,175.1,0.453,0.575,0.387
2018,6,2018-06,Indie Rock,15,11,5,29.1,0.454,0.598,0.525
2018,6,2018-06,Latin Rock,17,14,3,46.1,0.356,0.564,0.46
2018,6,2018-06,Metal,40,27,4,132.1,0.522,0.51,0.451
2018,6,2018-06,Other,1148,668,244,3695.6,0.514,0.547,0.528
2018,6,2018-06,Pop,26,19,7,79.4,0.507,0.565,0.483
2018,6,2018-06,Pop Rock,49,30,5,132.0,0.458,0.388,0.52
2018,6,2018-06,Post-Hardcore,1,1,1,3.8,0.612,0.194,0.472
2018,6,2018-06,Power Metal,10,10,1,34.6,0.524,0.466,0.411
2018,6,2018-06,Progressive Metal,80,34,4,256.1,0.55,0.525,0.454
2018,6,2018-06,Progressive Rock,129,72,10,470.0,0.506,0.47,0.489
2018,6,2018-06,Punk Rock,4,4,2,0.1,0.362,0.408,0.391
2018,6,2018-06,Rock,3,2,2,11.0,0.594,0.518,0.547
2018,6,2018-06,Soundtrack,5,4,2,6.4,0.378,0.532,0.58
2018,6,2018-06,Symphonic Metal,14,13,2,77.7,0.632,0.517,0.489
2018,7,2018-07,Alternative Rock,32,22,6,71.3,0.498,0.458,0.495
2018,7,2018-07,Electronic,3,3,1,13.1,0.712,0.751,0.45
2018,7,2018-07,Grunge,4,3,1,11.2,0.424,0.518,0.244
2018,7,2018-07,Hard Rock,20,18,4,65.7,0.502,0.638,0.431
2018,7,2018-07,Hip Hop,3,3,2,0.0,0.754,0.576,0.627
2018,7,2018-07,Indie Rock,12,9,5,36.2,0.396,0.718,0.591
2018,7,2018-07,Latin Rock,12,10,3,39.3,0.482,0.519,0.384
2018,7,2018-07,Metal,25,23,4,105.8,0.578,0.521,0.442
2018,7,2018-07,Other,643,542,252,2095.8,0.497,0.523,0.529
2018,7,2018-07,Pop,25,22,4,89.5,0.573,0.477,0.493
2018,7,2018-07,Pop Rock,24,19,2,51.4,0.471,0.513,0.439
2018,7,2018-07,Power Metal,3,3,1,10.9,0.577,0.413,0.599
2018,7,2018-07,Progressive Metal,56,38,4,263.2,0.552,0.529,0.403
2018,7,2018-07,Progressive Rock,66,39,5,272.4,0.447,0.511,0.485
2018,7,2018-07,R&B,6,5,1,11.9,0.409,0.496,0.555
2018,7,2018-07,Rock,2,1,1,8.1,0.545,0.753,0.434
2018,7,2018-07,Symphonic Metal,1,1,1,8.2,0.88,0.512,0.093
2018,8,2018-08,Alternative Rock,42,26,5,141.2,0.465,0.447,0.433
2018,8,2018-08,Classic Rock,16,12,6,64.3,0.397,0.603,0.541
2018,8,2018-08,Electronic,18,14,2,51.1,0.568,0.44,0.443
2018,8,2018-08,Grunge,14,8,2,38.2,0.577,0.561,0.505
2018,8,2018-08,Hard Rock,66,43,6,187.0,0.47,0.614,0.477
2018,8,2018-08,Hip Hop,5,5,1,20.1,0.341,0.292,0.596
2018,8,2018-08,Indie Rock,3,3,2,6.4,0.474,0.732,0.494
2018,8,2018-08,Latin Rock,35,27,4,129.8,0.489,0.523,0.478
2018,8,2018-08,Metal,44,39,6,136.2,0.561,0.536,0.53
2018,8,2018-08,Other,1549,1040,356,5303.6,0.5,0.522,0.485
2018,8,2018-08,Pop,26,18,6,83.0,0.492,0.444,0.533
2018,8,2018-08,Pop Rock,61,32,4,174.3,0.469,0.57,0.437
2018,8,2018-08,Power Metal,2,2,1,3.6,0.462,0.53,0.45
2018,8,2018-08,Progressive Metal,97,48,4,452.2,0.54,0.578,0.437
2018,8,2018-08,Progressive Rock,144,76,7,609.4,0.471,0.508,0.551
2018,8,2018-08,Punk Rock,21,20,1,46.7,0.455,0.524,0.567
2018,8,2018-08,R&B,1,1,1,2.8,0.522,0.88,0.901
2018,8,2018-08,Rock,13,5,3,43.6,0.651,0.381,0.42
2018,8,2018-08,Soundtrack,15,15,3,37.6,0.486,0.441,0.405
2018,8,2018-08,Symphonic Metal,1,1,1,8.2,0.88,0.512,0.093
2018,9,2018-09,Alternative Metal,1,1,1,5.3,0.569,0.149,0.688
2018,9,2018-09,Alternative Rock,37,27,8,100.7,0.503,0.511,0.504
2018,9,2018-09,Classic Rock,7,6,4,12.7,0.405,0.688,0.691
2018,9,2018-09,Electronic,13,10,4,45.5,0.624,0.504,0.35
2018,9,2018-09,Grunge,6,3,1,10.2,0.567,0.682,0.467
2018,9,2018-09,Hard Rock,34,23,5,129.8,0.405,0.627,0.372
2018,9,2018-09,Hip Hop,1,1,1,0.5,0.257,0.138,0.689
2018,9,2018-09,Indie Rock,10,4,3,37.0,0.496,0.49,0.392
2018,9,2018-09,Latin Rock,104,77,9,348.3,0.449,0.487,0.479
2018,9,2018-09,Metal,60,57,6,257.2,0.54,0.572,0.43
2018,9,2018-09,Other,1279,976,381,4363.6,0.523,0.526,0.498
2018,9,2018-09,Pop,10,6,2,22.1,0.49,0.57,0.363
2018,9,2018-09,Pop Rock,19,13,4,43.8,0.514,0.541,0.448
2018,9,2018-09,Power Metal,14,8,1,41.3,0.651,0.571,0.429
2018,9,2018-09,Progressive Metal,46,40,4,242.0,0.559,0.517,0.447
2018,9,2018-09,Progressive Rock,40,28,6,103.4,0.423,0.554,0.503
2018,9,2018-09,Punk Rock,19,17,3,40.5,0.562,0.533,0.516
2018,9,2018-09,R&B,1,1,1,0.0,0.825,0.497,0.653
2018,9,2018-09,Rock,2,1,1,4.7,0.545,0.753,0.434
2018,9,2018-09,Symphonic Metal,10,9,2,30.8,0.577,0.29,0.498
2018,10,2018-10,Alternative Metal,1,1,1,5.3,0.569,0.149,0.688
2018,10,2018-10,Alternative Rock,48,35,8,140.7,0.396,0.402,0.472
2018,10,2018-10,Classic Rock,7,5,4,36.4,0.398,0.501,0.488
2018,10,2018-10,Electronic,7,6,2,6.2,0.673,0.444,0.346
2018,10,2018-10,Grunge,64,25,3,212.8,0.492,0.583,0.505
2018,10,2018-10,Hard Rock,28,17,7,72.4,0.438,0.661,0.364
2018,10,2018-10,Indie Rock,8,6,2,18.8,0.462,0.672,0.519
2018,10,2018-10,Latin Rock,54,40,8,143.4,0.417,0.496,0.547
2018,10,2018-10,Metal,14,14,5,59.4,0.514,0.565,0.447
2018,10,2018-10,Other,1268,849,292,3643.2,0.534,0.514,0.488
2018,10,2018-10,Pop,7,5,4,5.9,0.685,0.534,0.563
2018,10,2018-10,Pop Rock,30,28,5,85.8,0.547,0.542,0.453
2018,10,2018-10,Post-Rock,2,2,1,0.0,0.555,0.499,0.364
2018,10,2018-10,Power Metal,112,49,1,377.7,0.495,0.509,0.511
2018,10,2018-10,Progressive Metal,28,18,4,87.4,0.551,0.534,0.405
2018,10,2018-10,Progressive Rock,39,35,7,112.8,0.469,0.496,0.495
2018,10,2018-10,Punk Rock,8,8,2,22.0,0.405,0.382,0.501
2018,10,2018-10,Rock,6,3,2,11.2,0.646,0.464,0.302
2018,10,2018-10,Symphonic Metal,13,12,2,73.9,0.634,0.473,0.447
2018,11,2018-11,Alternative Rock,38,30,8,134.9,0.484,0.47,0.498
2018,11,2018-11,Classic Rock,34,25,2,92.8,0.592,0.565,0.475
2018,11,2018-11,Classical,14,9,2,33.8,0.407,0.465,0.572
2018,11,2018-11,Electronic,15,13,3,57.7,0.474,0.551,0.327
2018,11,2018-11,Grunge,13,6,4,15.8,0.452,0.56,0.513
2018,11,2018-11,Hard Rock,6,5,3,3.1,0.465,0.581,0.258
2018,11,2018-11,Indie Rock,7,6,2,18.7,0.53,0.657,0.739
2018,11,2018-11,Latin Rock,10,8,4,11.5,0.361,0.566,0.459
2018,11,2018-11,Metal,11,9,3,17.0,0.471,0.374,0.45
2018,11,2018-11,Other,660,508,233,1864.9,0.511,0.52,0.485
2018,11,2018-11,Pop,5,5,1,20.8,0.657,0.426,0.531
2018,11,2018-11,Pop Rock,8,8,2,21.9,0.5,0.602,0.605
2018,11,2018-11,Power Metal,19,10,1,53.9,0.575,0.453,0.587
2018,11,2018-11,Progressive Metal,18,17,3,92.4,0.453,0.57,0.307
2018,11,2018-11,Progressive Rock,25,15,3,55.4,0.407,0.568,0.512
2018,11,2018-11,Punk Rock,3,3,2,9.2,0.496,0.952,0.595
2018,11,2018-11,Rock,3,1,1,5.3,0.545,0.753,0.434
2018,11,2018-11,Soundtrack,6,6,1,1.0,0.527,0.634,0.442
2018,11,2018-11,Symphonic Metal,5,4,2,22.6,0.835,0.378,0.387
2018,12,2018-12,Alternative Rock,43,36,5,117.8,0.488,0.543,0.489
2018,12,2018-12,Classic Rock,2,2,2,0.1,0.228,0.71,0.429
2018,12,2018-12,Classical,2,2,1,3.3,0.296,0.289,0.586
2018,12,2018-12,Electronic,10,5,3,15.6,0.551,0.731,0.447
2018,12,2018-12,Grunge,6,4,3,15.9,0.562,0.615,0.509
2018,12,2018-12,Hard Rock,65,50,6,284.5,0.487,0.559,0.444
2018,12,2018-12,Indie Rock,3,3,2,4.6,0.529,0.538,0.494
2018,12,2018-12,Latin Rock,10,10,4,13.6,0.425,0.57,0.564
2018,12,2018-12,Metal,8,8,3,14.2,0.464,0.442,0.438
2018,12,2018-12,Other,590,502,214,1593.1,0.482,0.526,0.458
2018,12,2018-12,Pop,13,13,5,27.0,0.474,0.348,0.433
2018,12,2018-12,Pop Rock,32,28,3,84.6,0.547,0.537,0.541
2018,12,2018-12,Power Metal,31,22,1,101.6,0.484,0.537,0.429
2018,12,2018-12,Progressive Metal,40,33,4,200.4,0.555,0.54,0.451
2018,12,2018-12,Progressive Rock,51,47,5,203.4,0.484,0.478,0.495
2018,12,2018-12,Punk Rock,3,3,1,2.9,0.607,0.526,0.465
2018,12,2018-12,R&B,1,1,1,0.2,0.41,0.837,0.344
2018,12,2018-12,Rock,1,1,1,0.5,0.545,0.753,0.434
2018,12,2018-12,Symphonic Metal,3,3,3,10.7,0.514,0.568,0.478
2019,1,2019-01,Alternative Metal,2,1,1,5.3,0.569,0.149,0.688
2019,1,2019-01,Alternative Rock,22,20,7,47.5,0.491,0.493,0.487
2019,1,2019-01,Classic Rock,33,24,5,101.7,0.453,0.646,0.52
2019,1,2019-01,Classical,29,27,2,131.2,0.508,0.56,0.521
2019,1,2019-01,Electronic,37,20,4,126.4,0.448,0.63,0.463
2019,1,2019-01,Grunge,6,5,2,0.4,0.374,0.389,0.467
2019,1,2019-01,Hard Rock,43,24,9,105.3,0.418,0.691,0.384
2019,1,2019-01,Hip Hop,1,1,1,0.2,0.698,0.633,0.552
2019,1,2019-01,Indie Rock,5,5,2,14.2,0.529,0.71,0.664
2019,1,2019-01,Latin Rock,108,56,4,248.0,0.432,0.484,0.49
2019,1,2019-01,Metal,35,25,8,80.0,0.644,0.499,0.496
2019,1,2019-01,Other,2302,1387,457,6011.9,0.494,0.513,0.476
2019,1,2019-01,Pop,19,15,7,36.2,0.433,0.58,0.472
2019,1,2019-01,Pop Rock,83,43,3,183.5,0.528,0.522,0.475
2019,1,2019-01,Post-Rock,1,1,1,0.5,0.704,0.286,0.481
2019,1,2019-01,Power Metal,50,26,2,148.9,0.443,0.552,0.424
2019,1,2019-01,Progressive Metal,117,65,4,558.8,0.542,0.584,0.452
2019,1,2019-01,Progressive Rock,137,70,8,485.1,0.467,0.45,0.497
2019,1,2019-01,Punk Rock,1,1,1,0.0,0.309,0.604,0.318
2019,1,2019-01,Rock,3,2,2,14.3,0.565,0.59,0.543
2019,1,2019-01,Symphonic Metal,54,31,2,232.8,0.569,0.545,0.46
2019,2,2019-02,Alternative Metal,1,1,1,5.3,0.569,0.149,0.688
2019,2,2019-02,Alternative Rock,108,57,9,305.2,0.438,0.556,0.514
2019,2,2019-02,Classic Rock,11,11,5,19.4,0.475,0.617,0.589
2019,2,2019-02,Classical,60,54,4,205.5,0.528,0.462,0.505
2019,2,2019-02,Electronic,17,15,2,40.2,0.458,0.463,0.416
2019,2,2019-02,Grunge,29,15,4,68.9,0.462,0.601,0.515
2019,2,2019-02,Hard Rock,127,74,8,373.8,0.461,0.598,0.442
2019,2,2019-02,Indie Rock,2,1,1,0.3,0.548,0.532,0.405
2019,2,2019-02,Latin Rock,71,53,6,211.2,0.492,0.486,0.453
2019,2,2019-02,Metal,21,20,4,41.7,0.555,0.626,0.462
2019,2,2019-02,Other,1419,995,307,4045.9,0.505,0.519,0.487
2019,2,2019-02,Pop,9,6,3,16.0,0.552,0.467,0.478
2019,2,2019-02,Pop Rock,72,54,5,200.5,0.478,0.497,0.486
2019,2,2019-02,Post-Rock,8,7,1,27.6,0.49,0.561,0.356
2019,2,2019-02,Power Metal,16,11,1,38.5,0.492,0.625,0.561
2019,2,2019-02,Progressive Metal,176,67,4,504.7,0.563,0.568,0.44
2019,2,2019-02,Progressive Rock,169,109,7,654.8,0.478,0.477,0.495
2019,2,2019-02,Punk Rock,5,5,3,6.6,0.548,0.659,0.44
2019,2,2019-02,R&B,4,3,1,4.0,0.478,0.523,0.483
2019,2,2019-02,Soundtrack,3,3,1,11.3,0.688,0.261,0.603
2019,2,2019-02,Symphonic Metal,7,7,2,7.9,0.57,0.376,0.363
2019,3,2019-03,Alternative Metal,2,1,1,10.7,0.569,0.149,0.688
2019,3,2019-03,Alternative Rock,140,92,11,239.0,0.479,0.527,0.506
2019,3,2019-03,Classic Rock,28,21,5,36.5,0.474,0.607,0.506
2019,3,2019-03,Classical,85,48,4,325.3,0.534,0.428,0.468
2019,3,2019-03,Electronic,65,46,3,109.6,0.547,0.509,0.489
2019,3,2019-03,Grunge,40,19,5,81.2,0.414,0.557,0.373
2019,3,2019-03,Hard Rock,165,90,9,325.4,0.462,0.569,0.491
2019,3,2019-03,Hip Hop,3,3,1,10.5,0.712,0.52,0.546
2019,3,2019-03,Indie Rock,17,12,3,33.7,0.566,0.58,0.603
2019,3,2019-03,Latin Rock,58,43,6,103.4,0.41,0.494,0.486
2019,3,2019-03,Metal,61,48,7,153.8,0.491,0.503,0.444
2019,3,2019-03,Other,2379,1526,396,4932.8,0.492,0.531,0.476
2019,3,2019-03,Pop,31,20,3,12.3,0.463,0.449,0.446
2019,3,2019-03,Pop Rock,73,58,5,124.2,0.527,0.521,0.468
2019,3,2019-03,Post-Rock,1,1,1,0.0,0.616,0.297,0.049
2019,3,2019-03,Power Metal,49,32,1,66.2,0.531,0.497,0.484
2019,3,2019-03,Progressive Metal,123,60,5,292.4,0.596,0.474,0.452
2019,3,2019-03,Progressive Rock,220,127,9,493.5,0.475,0.492,0.48
2019,3,2019-03,Punk Rock,26,19,4,22.2,0.566,0.421,0.415
2019,3,2019-03,R&B,10,7,1,13.9,0.66,0.555,0.397
2019,3,2019-03,Rock,5,1,1,5.6,0.545,0.753,0.434
2019,3,2019-03,Soundtrack,8,6,2,9.7,0.563,0.471,0.442
2019,3,2019-03,Symphonic Metal,22,15,3,9.8,0.57,0.479,0.419
2019,4,2019-04,Alternative Metal,7,2,1,21.7,0.551,0.239,0.643
2019,4,2019-04,Alternative Rock,109,79,13,201.2,0.46,0.539,0.512
2019,4,2019-04,Classic Rock,67,50,5,177.6,0.522,0.624,0.543
2019,4,2019-04,Classical,34,20,1,137.7,0.504,0.439,0.44
2019,4,2019-04,Electronic,44,36,4,105.3,0.499,0.516,0.521
2019,4,2019-04,Grunge,58,35,5,157.5,0.43,0.582,0.413
2019,4,2019-04,Hard Rock,168,87,7,472.2,0.483,0.563,0.437
2019,4,2019-04,Indie Rock,31,16,5,72.5,0.542,0.595,0.592
2019,4,2019-04,Latin Rock,32,26,6,38.3,0.403,0.592,0.464
2019,4,2019-04,Metal,56,51,8,130.3,0.566,0.571,0.448
2019,4,2019-04,Other,2718,1862,560,7009.1,0.505,0.543,0.492
2019,4,2019-04,Pop,65,32,6,145.6,0.509,0.466,0.508
2019,4,2019-04,Pop Rock,53,42,7,90.4,0.481,0.514,0.494
2019,4,2019-04,Post-Rock,1,1,1,0.0,0.494,0.701,0.678
2019,4,2019-04,Power Metal,33,29,1,26.8,0.523,0.501,0.545
2019,4,2019-04,Progressive Metal,95,59,4,271.5,0.542,0.526,0.415
2019,4,2019-04,Progressive Rock,221,131,9,741.5,0.497,0.486,0.504
2019,4,2019-04,Punk Rock,16,13,3,24.9,0.622,0.416,0.449
2019,4,2019-04,Rock,4,2,2,4.8,0.582,0.576,0.518
2019,4,2019-04,Soundtrack,45,40,5,151.0,0.511,0.527,0.413
2019,4,2019-04,Symphonic Metal,21,16,3,11.1,0.529,0.482,0.433
2019,5,2019-05,Alternative Metal,2,2,1,9.1,0.688,0.374,0.473
2019,5,2019-05,Alternative Rock,40,36,8,112.2,0.519,0.516,0.497
2019,5,2019-05,Classic Rock,8,8,4,14.7,0.469,0.611,0.596
2019,5,2019-05,Classical,26,18,4,108.1,0.492,0.445,0.43
2019,5,2019-05,Electronic,27,18,3,76.4,0.543,0.438,0.58
2019,5,2019-05,Grunge,8,5,2,12.9,0.396,0.466,0.578
2019,5,2019-05,Hard Rock,45,26,7,132.7,0.452,0.622,0.456
2019,5,2019-05,Indie Rock,5,4,2,12.3,0.465,0.575,0.536
2019,5,2019-05,Latin Rock,20,18,5,38.9,0.398,0.568,0.499
2019,5,2019-05,Metal,17,14,4,54.1,0.508,0.604,0.491
2019,5,2019-05,Other,1450,1117,382,4410.9,0.518,0.525,0.481
2019,5,2019-05,Pop,19,15,6,38.7,0.502,0.465,0.455
2019,5,2019-05,Pop Rock,54,47,8,133.7,0.528,0.563,0.421
2019,5,2019-05,Power Metal,21,20,3,70.1,0.507,0.566,0.491
2019,5,2019-05,Progressive Metal,77,55,5,281.5,0.524,0.559,0.434
2019,5,2019-05,Progressive Rock,153,97,8,596.0,0.466,0.515,0.476
2019,5,2019-05,Punk Rock,3,3,1,3.2,0.56,0.528,0.778
2019,5,2019-05,R&B,1,1,1,0.0,0.41,0.837,0.344
2019,5,2019-05,Rock,2,1,1,4.7,0.545,0.753,0.434
2019,5,2019-05,Soundtrack,58,54,5,189.3,0.521,0.525,0.48
2019,5,2019-05,Symphonic Metal,15,14,3,30.2,0.61,0.46,0.456
2019,6,2019-06,Alternative Metal,6,2,1,19.6,0.548,0.254,0.635
2019,6,2019-06,Alternative Rock,168,146,8,368.2,0.52,0.547,0.493
2019,6,2019-06,Classic Rock,8,4,3,26.0,0.283,0.768,0.716
2019,6,2019-06,Classical,26,20,3,99.7,0.555,0.381,0.436
2019,6,2019-06,Country,1,1,1,3.9,0.578,0.688,0.312
2019,6,2019-06,Electronic,41,31,1,171.4,0.561,0.48,0.552
2019,6,2019-06,Grunge,24,12,4,70.9,0.448,0.67,0.528
2019,6,2019-06,Hard Rock,123,68,10,487.7,0.461,0.642,0.487
2019,6,2019-06,Indie Rock,60,50,6,145.2,0.503,0.686,0.56
2019,6,2019-06,Latin Rock,36,23,5,110.5,0.411,0.505,0.444
2019,6,2019-06,Metal,123,116,7,350.3,0.509,0.553,0.478
2019,6,2019-06,Other,1871,1428,347,6208.9,0.502,0.543,0.474
2019,6,2019-06,Pop,7,7,2,16.9,0.569,0.404,0.534
2019,6,2019-06,Pop Rock,17,15,2,39.9,0.524,0.442,0.55
2019,6,2019-06,Power Metal,23,22,2,56.2,0.537,0.443,0.542
2019,6,2019-06,Progressive Metal,30,23,3,145.7,0.512,0.566,0.405
2019,6,2019-06,Progressive Rock,87,57,6,343.7,0.482,0.445,0.527
2019,6,2019-06,Punk Rock,3,3,2,10.0,0.583,0.914,0.448
2019,6,2019-06,Rock,4,1,1,18.9,0.545,0.753,0.434
2019,6,2019-06,Soundtrack,6,6,2,19.0,0.508,0.444,0.54
2019,6,2019-06,Symphonic Metal,1,1,1,0.2,0.602,0.336,0.364
2019,7,2019-07,Alternative Metal,5,4,1,11.1,0.509,0.584,0.353
2019,7,2019-07,Alternative Rock,30,25,7,61.2,0.547,0.497,0.431
2019,7,2019-07,Classic Rock,6,5,4,13.1,0.44,0.543,0.469
2019,7,2019-07,Classical,15,11,3,28.8,0.547,0.348,0.428
2019,7,2019-07,Electronic,40,25,3,153.8,0.54,0.5,0.502
2019,7,2019-07,Grunge,18,15,4,42.9,0.35,0.556,0.48
2019,7,2019-07,Hard Rock,138,76,10,359.6,0.451,0.625,0.453
2019,7,2019-07,Indie Rock,22,15,6,30.3,0.511,0.478,0.506
2019,7,2019-07,Latin Rock,3,3,2,6.3,0.336,0.634,0.5
2019,7,2019-07,Metal,25,22,4,65.8,0.466,0.534,0.388
2019,7,2019-07,Other,2162,1458,523,5876.3,0.515,0.538,0.45
2019,7,2019-07,Pop,104,60,14,252.9,0.532,0.477,0.54
2019,7,2019-07,Pop Rock,51,37,4,134.1,0.548,0.52,0.447
2019,7,2019-07,Progressive Metal,32,23,4,116.6,0.571,0.568,0.479
2019,7,2019-07,Progressive Rock,50,32,8,181.8,0.492,0.535,0.512
2019,7,2019-07,Punk Rock,2,2,2,2.0,0.467,0.952,0.694
2019,7,2019-07,Rock,5,1,1,14.2,0.545,0.753,0.434
2019,7,2019-07,Soundtrack,59,33,7,182.5,0.495,0.4,0.491
2019,8,2019-08,Alternative Metal,2,2,1,6.6,0.427,0.381,0.383
2019,8,2019-08,Alternative Rock,83,65,6,231.8,0.522,0.498,0.476
2019,8,2019-08,Classic Rock,20,20,5,55.6,0.488,0.595,0.479
2019,8,2019-08,Classical,23,16,4,78.7,0.521,0.43,0.473
2019,8,2019-08,Electronic,46,39,3,53.2,0.504,0.463,0.537
2019,8,2019-08,Grunge,11,7,4,31.8,0.516,0.609,0.379
2019,8,2019-08,Hard Rock,101,68,9,191.7,0.465,0.583,0.461
2019,8,2019-08,Indie Rock,29,25,4,85.8,0.42,0.559,0.449
2019,8,2019-08,Latin Rock,40,36,1,86.5,0.493,0.491,0.454
2019,8,2019-08,Metal,37,33,6,102.0,0.496,0.543,0.492
2019,8,2019-08,Other,1289,953,342,3077.5,0.51,0.541,0.443
2019,8,2019-08,Pop,17,16,6,42.4,0.518,0.423,0.495
2019,8,2019-08,Pop Rock,8,8,1,25.4,0.553,0.398,0.54
2019,8,2019-08,Post-Hardcore,1,1,1,3.3,0.495,0.313,0.762
2019,8,2019-08,Power Metal,14,12,1,45.4,0.495,0.592,0.467
2019,8,2019-08,Progressive Metal,89,61,4,329.2,0.548,0.533,0.455
2019,8,2019-08,Progressive Rock,18,16,5,70.6,0.432,0.522,0.446
2019,8,2019-08,Punk Rock,1,1,1,3.0,0.651,0.416,0.674
2019,8,2019-08,Soundtrack,44,33,8,116.7,0.461,0.429,0.463
2019,9,2019-09,Alternative Metal,1,1,1,0.0,0.443,0.781,0.372
2019,9,2019-09,Alternative Rock,77,53,10,219.0,0.431,0.563,0.486
2019,9,2019-09,Classic Rock,14,13,7,25.4,0.524,0.626,0.529
2019,9,2019-09,Classical,2,2,2,5.9,0.524,0.397,0.657
2019,9,2019-09,Electronic,13,12,2,44.5,0.514,0.471,0.535
2019,9,2019-09,Grunge,83,65,5,221.0,0.432,0.548,0.469
2019,9,2019-09,Hard Rock,70,44,7,217.0,0.486,0.606,0.445
2019,9,2019-09,Indie Rock,20,15,4,47.7,0.504,0.519,0.542
2019,9,2019-09,Latin Rock,20,20,5,56.9,0.412,0.486,0.526
2019,9,2019-09,Metal,25,22,6,77.2,0.518,0.547,0.441
2019,9,2019-09,Other,2078,1437,537,4978.2,0.519,0.528,0.479
2019,9,2019-09,Pop,126,78,15,328.6,0.49,0.483,0.537
2019,9,2019-09,Pop Rock,71,44,7,190.9,0.486,0.501,0.443
2019,9,2019-09,Power Metal,24,22,2,98.9,0.48,0.563,0.454
2019,9,2019-09,Progressive Metal,40,30,5,152.4,0.572,0.579,0.414
2019,9,2019-09,Progressive Rock,39,30,7,129.5,0.497,0.536,0.525
2019,9,2019-09,Punk Rock,11,8,2,22.1,0.581,0.58,0.45
2019,9,2019-09,Rock,2,1,1,4.7,0.545,0.753,0.434
2019,9,2019-09,Soundtrack,31,28,7,81.2,0.423,0.529,0.514
2019,10,2019-10,Alternative Metal,3,3,1,11.7,0.377,0.742,0.293
2019,10,2019-10,Alternative Rock,184,77,11,523.1,0.489,0.546,0.504
2019,10,2019-10,Classic Rock,33,18,6,75.9,0.441,0.616,0.429
2019,10,2019-10,Classical,11,8,1,39.2,0.398,0.6,0.515
2019,10,2019-10,Doom Metal,1,1,1,6.4,0.595,0.839,0.846
2019,10,2019-10,Electronic,33,21,2,75.2,0.542,0.462,0.575
2019,10,2019-10,Grunge,59,25,5,166.6,0.435,0.724,0.434
2019,10,2019-10,Hard Rock,17,12,6,20.5,0.486,0.571,0.344
2019,10,2019-10,Indie Rock,24,18,7,53.6,0.52,0.561,0.529
2019,10,2019-10,Latin Rock,1,1,1,3.2,0.135,0.514,0.708
2019,10,2019-10,Metal,40,24,6,98.0,0.451,0.657,0.46
2019,10,2019-10,Other,1605,1153,457,3633.9,0.519,0.538,0.467
2019,10,2019-10,Pop,58,54,9,86.7,0.554,0.531,0.531
2019,10,2019-10,Pop Rock,29,22,6,63.2,0.483,0.545,0.429
2019,10,2019-10,Power Metal,46,37,2,77.1,0.513,0.491,0.554
2019,10,2019-10,Progressive Metal,31,22,4,130.0,0.457,0.587,0.429
2019,10,2019-10,Progressive Rock,122,65,6,339.4,0.48,0.46,0.514
2019,10,2019-10,Punk Rock,22,18,6,28.1,0.558,0.629,0.541
2019,10,2019-10,Soundtrack,42,35,9,156.1,0.482,0.417,0.388
2019,10,2019-10,Symphonic Metal,4,3,2,10.2,0.675,0.316,0.501
2019,11,2019-11,Alternative Rock,172,116,12,304.6,0.469,0.539,0.521
2019,11,2019-11,Classic Rock,10,8,5,25.8,0.443,0.56,0.644
2019,11,2019-11,Classical,4,4,3,19.8,0.367,0.38,0.345
2019,11,2019-11,Electronic,48,35,5,148.9,0.481,0.536,0.451
2019,11,2019-11,Grunge,10,10,4,16.8,0.441,0.586,0.423
2019,11,2019-11,Hard Rock,30,24,4,68.8,0.442,0.533,0.424
2019,11,2019-11,Hip Hop,1,1,1,4.1,0.51,0.213,0.287
2019,11,2019-11,Indie Rock,16,11,6,21.9,0.575,0.51,0.477
2019,11,2019-11,Latin Rock,9,9,2,29.5,0.533,0.402,0.297
2019,11,2019-11,Metal,55,43,5,186.0,0.512,0.624,0.443
2019,11,2019-11,Other,2436,1798,627,5862.4,0.518,0.514,0.477
2019,11,2019-11,Pop,166,110,13,442.8,0.535,0.487,0.464
2019,11,2019-11,Pop Rock,78,47,9,154.7,0.535,0.553,0.518
2019,11,2019-11,Power Metal,31,23,3,86.7,0.423,0.473,0.451
2019,11,2019-11,Progressive Metal,282,99,4,662.9,0.489,0.522,0.457
2019,11,2019-11,Progressive Rock,87,54,5,220.4,0.474,0.481,0.473
2019,11,2019-11,Punk Rock,7,5,2,16.6,0.532,0.671,0.542
2019,11,2019-11,Rock,1,1,1,0.0,0.619,0.4,0.603
2019,11,2019-11,Soundtrack,8,6,2,22.1,0.497,0.529,0.438
2019,11,2019-11,Symphonic Metal,17,10,3,44.2,0.537,0.444,0.445
2019,12,2019-12,Alternative Rock,46,35,8,123.3,0.482,0.573,0.462
2019,12,2019-12,Classic Rock,7,6,4,23.1,0.645,0.565,0.652
2019,12,2019-12,Classical,4,2,1,13.2,0.405,0.03,0.166
2019,12,2019-12,Electronic,17,17,2,57.6,0.506,0.522,0.478
2019,12,2019-12,Grunge,11,6,3,35.9,0.498,0.623,0.497
2019,12,2019-12,Hard Rock,252,87,5,861.8,0.482,0.63,0.452
2019,12,2019-12,Indie Rock,2,2,1,7.9,0.418,0.645,0.512
2019,12,2019-12,Latin Rock,2,2,1,18.1,0.41,0.568,0.288
2019,12,2019-12,Metal,156,133,8,323.2,0.465,0.589,0.46
2019,12,2019-12,Other,1778,1320,340,4539.6,0.485,0.527,0.487
2019,12,2019-12,Pop,36,29,9,110.0,0.584,0.517,0.44
2019,12,2019-12,Pop Rock,112,83,6,164.9,0.513,0.481,0.486
2019,12,2019-12,Post-Hardcore,1,1,1,3.9,0.899,0.135,0.534
2019,12,2019-12,Power Metal,18,14,4,69.6,0.52,0.538,0.499
2019,12,2019-12,Progressive Metal,196,77,4,805.6,0.502,0.502,0.445
2019,12,2019-12,Progressive Rock,81,51,5,235.9,0.503,0.497,0.515
2019,12,2019-12,Punk Rock,3,3,2,6.6,0.309,0.451,0.332
2019,12,2019-12,R&B,6,5,1,18.4,0.389,0.519,0.445
2019,12,2019-12,Soundtrack,1,1,1,5.7,0.63,0.767,0.13
2019,12,2019-12,Symphonic Metal,14,10,1,61.0,0.552,0.66,0.442
2020,1,2020-01,Alternative Metal,2,1,1,5.7,0.188,0.821,0.731
2020,1,2020-01,Alternative Rock,49,37,8,141.3,0.503,0.544,0.477
2020,1,2020-01,Classic Rock,7,6,5,21.6,0.49,0.554,0.421
2020,1,2020-01,Classical,3,3,2,7.9,0.46,0.337,0.418
2020,1,2020-01,Electronic,7,6,1,22.4,0.478,0.532,0.527
2020,1,2020-01,Grunge,6,6,5,24.5,0.419,0.606,0.392
2020,1,2020-01,Hard Rock,186,96,8,701.5,0.503,0.619,0.434
2020,1,2020-01,Indie Rock,9,7,2,35.3,0.497,0.678,0.6
2020,1,2020-01,Metal,43,34,9,129.1,0.496,0.647,0.436
2020,1,2020-01,Other,1502,1168,371,4126.8,0.49,0.506,0.485
2020,1,2020-01,Pop,118,104,9,233.2,0.516,0.537,0.479
2020,1,2020-01,Pop Rock,26,18,4,50.8,0.558,0.504,0.427
2020,1,2020-01,Power Metal,71,59,2,207.8,0.493,0.515,0.486
2020,1,2020-01,Progressive Metal,42,35,4,181.8,0.446,0.554,0.455
2020,1,2020-01,Progressive Rock,44,39,7,154.8,0.434,0.496,0.479
2020,1,2020-01,Punk Rock,104,74,6,278.9,0.452,0.58,0.519
2020,1,2020-01,Rock,1,1,1,4.7,0.545,0.753,0.434
2020,1,2020-01,Symphonic Metal,11,8,1,25.6,0.641,0.519,0.518
2020,2,2020-02,Alternative Rock,66,56,7,109.7,0.462,0.591,0.503
2020,2,2020-02,Blues,2,2,1,10.4,0.619,0.477,0.412
2020,2,2020-02,Classic Rock,2,2,1,7.9,0.264,0.488,0.551
2020,2,2020-02,Classical,25,24,2,42.1,0.46,0.49,0.534
2020,2,2020-02,Electronic,59,40,3,125.0,0.482,0.557,0.417
2020,2,2020-02,Grunge,3,3,2,4.7,0.325,0.7,0.576
2020,2,2020-02,Hard Rock,163,72,8,638.3,0.469,0.583,0.421
2020,2,2020-02,Metal,38,30,9,149.8,0.461,0.615,0.429
2020,2,2020-02,Other,1892,1437,422,4542.4,0.509,0.53,0.503
2020,2,2020-02,Pop,100,66,13,190.7,0.565,0.458,0.442
2020,2,2020-02,Pop Rock,133,84,8,257.0,0.509,0.502,0.463
2020,2,2020-02,Post-Rock,2,2,1,0.0,0.555,0.499,0.364
2020,2,2020-02,Power Metal,21,17,1,79.1,0.507,0.599,0.469
2020,2,2020-02,Progressive Metal,118,86,4,475.0,0.502,0.573,0.471
2020,2,2020-02,Progressive Rock,163,121,7,366.0,0.532,0.501,0.467
2020,2,2020-02,Punk Rock,39,34,3,46.6,0.398,0.572,0.534
2020,2,2020-02,Rock,4,2,2,5.0,0.714,0.658,0.463
2020,2,2020-02,Symphonic Metal,9,5,2,16.9,0.662,0.408,0.412
2020,3,2020-03,Alternative Metal,16,15,1,49.7,0.447,0.652,0.512
2020,3,2020-03,Alternative Rock,81,68,10,236.1,0.514,0.503,0.51
2020,3,2020-03,Classic Rock,25,21,10,84.3,0.455,0.594,0.581
2020,3,2020-03,Classical,3,3,1,4.4,0.802,0.699,0.432
2020,3,2020-03,Electronic,17,13,3,70.3,0.514,0.523,0.44
2020,3,2020-03,Grunge,27,26,5,70.6,0.518,0.574,0.495
2020,3,2020-03,Hard Rock,193,80,6,772.1,0.483,0.633,0.436
2020,3,2020-03,Indie Rock,1,1,1,3.2,0.349,0.662,0.554
2020,3,2020-03,Latin Rock,33,32,2,98.7,0.556,0.52,0.524
2020,3,2020-03,Metal,25,22,9,104.7,0.488,0.58,0.384
2020,3,2020-03,Other,1919,1450,486,5162.6,0.503,0.502,0.491
2020,3,2020-03,Pop,80,43,9,163.2,0.595,0.48,0.452
2020,3,2020-03,Pop Rock,88,51,9,108.4,0.521,0.536,0.413
2020,3,2020-03,Power Metal,8,7,1,20.8,0.475,0.638,0.472
2020,3,2020-03,Progressive Metal,53,34,5,190.5,0.47,0.554,0.458
2020,3,2020-03,Progressive Rock,74,55,6,275.6,0.594,0.503,0.471
2020,3,2020-03,Punk Rock,11,9,2,19.4,0.538,0.516,0.628
2020,3,2020-03,Rock,5,3,1,18.8,0.729,0.327,0.386
2020,3,2020-03,Soundtrack,30,28,6,51.4,0.439,0.386,0.387
2020,3,2020-03,Symphonic Metal,7,7,1,27.0,0.574,0.561,0.395
2020,4,2020-04,Alternative Rock,27,23,7,91.3,0.495,0.568,0.458
2020,4,2020-04,Classic Rock,16,9,2,30.3,0.339,0.732,0.439
2020,4,2020-04,Classical,5,5,4,24.0,0.409,0.307,0.407
2020,4,2020-04,Electronic,8,6,3,23.3,0.516,0.642,0.454
2020,4,2020-04,Grunge,29,20,4,103.1,0.445,0.601,0.4
2020,4,2020-04,Hard Rock,55,25,1,216.6,0.44,0.751,0.497
2020,4,2020-04,Indie Rock,1,1,1,3.4,0.288,0.758,0.619
2020,4,2020-04,Latin Rock,11,6,1,38.7,0.625,0.558,0.328
2020,4,2020-04,Metal,15,10,3,66.5,0.472,0.671,0.43
2020,4,2020-04,Other,707,575,206,2148.4,0.508,0.504,0.508
2020,4,2020-04,Pop,11,8,5,35.7,0.445,0.474,0.413
2020,4,2020-04,Pop Rock,5,5,3,8.3,0.566,0.455,0.452
2020,4,2020-04,Post-Hardcore,1,1,1,0.0,0.271,0.28,0.722
2020,4,2020-04,Progressive Metal,8,6,2,43.1,0.563,0.568,0.595
2020,4,2020-04,Progressive Rock,16,16,7,55.6,0.457,0.412,0.473
2020,4,2020-04,Punk Rock,6,6,2,7.8,0.451,0.623,0.531
2020,4,2020-04,Rock,2,2,2,8.9,0.715,0.571,0.418
2020,4,2020-04,Symphonic Metal,9,7,1,41.3,0.456,0.399,0.354
2020,5,2020-05,Alternative Metal,1,1,1,4.2,0.287,0.239,0.791
2020,5,2020-05,Alternative Rock,142,91,7,483.1,0.49,0.675,0.516
2020,5,2020-05,Classic Rock,37,4,1,94.7,0.387,0.738,0.428
2020,5,2020-05,Electronic,2,2,1,2.0,0.546,0.75,0.328
2020,5,2020-05,Grunge,66,15,4,222.0,0.458,0.692,0.379
2020,5,2020-05,Hard Rock,33,26,7,119.3,0.425,0.7,0.466
2020,5,2020-05,Indie Rock,3,2,2,7.4,0.234,0.345,0.407
2020,5,2020-05,Latin Rock,9,7,1,25.0,0.536,0.431,0.452
2020,5,2020-05,Metal,11,10,4,43.2,0.514,0.486,0.418
2020,5,2020-05,Other,710,527,157,2488.1,0.523,0.549,0.469
2020,5,2020-05,Pop,8,8,2,20.5,0.598,0.418,0.603
2020,5,2020-05,Pop Rock,41,40,2,143.4,0.481,0.544,0.443
2020,5,2020-05,Progressive Metal,23,17,4,90.3,0.48,0.51,0.474
2020,5,2020-05,Progressive Rock,54,34,4,198.8,0.452,0.478,0.498
2020,5,2020-05,Punk Rock,1,1,1,0.0,0.498,0.256,0.832
2020,5,2020-05,Symphonic Metal,24,16,1,116.9,0.544,0.386,0.434
2020,6,2020-06,Alternative Rock,59,35,8,162.3,0.506,0.626,0.515
2020,6,2020-06,Blues,18,18,1,56.8,0.481,0.474,0.542
2020,6,2020-06,Classic Rock,17,12,4,40.6,0.449,0.635,0.514
2020,6,2020-06,Classical,22,21,2,53.2,0.553,0.413,0.472
2020,6,2020-06,Electronic,4,4,2,6.4,0.433,0.668,0.311
2020,6,2020-06,Grunge,13,8,2,46.9,0.439,0.671,0.385
2020,6,2020-06,Hard Rock,29,19,5,88.9,0.463,0.753,0.42
2020,6,2020-06,Hip Hop,1,1,1,3.0,0.356,0.441,0.48
2020,6,2020-06,Indie Rock,6,4,2,13.1,0.455,0.676,0.47
2020,6,2020-06,Latin Rock,45,44,2,71.3,0.505,0.469,0.479
2020,6,2020-06,Metal,12,10,3,26.7,0.383,0.605,0.461
2020,6,2020-06,Other,1007,821,320,2514.2,0.482,0.499,0.498
2020,6,2020-06,Pop,64,37,8,184.3,0.545,0.459,0.462
2020,6,2020-06,Pop Rock,17,16,4,44.0,0.547,0.603,0.455
2020,6,2020-06,Power Metal,17,14,2,66.4,0.443,0.585,0.464
2020,6,2020-06,Progressive Metal,28,22,3,126.3,0.599,0.537,0.362
2020,6,2020-06,Progressive Rock,35,25,5,136.3,0.511,0.47,0.508
2020,6,2020-06,Punk Rock,1,1,1,0.0,0.498,0.256,0.832
2020,6,2020-06,R&B,4,4,1,12.1,0.608,0.369,0.425
2020,6,2020-06,Rock,2,2,2,5.1,0.582,0.576,0.518
2020,6,2020-06,Soundtrack,1,1,1,0.1,0.387,0.633,0.991
2020,6,2020-06,Symphonic Metal,13,10,1,27.6,0.619,0.441,0.399
2020,7,2020-07,Alternative Rock,38,30,10,132.0,0.429,0.545,0.518
2020,7,2020-07,Classic Rock,17,9,5,39.4,0.47,0.648,0.484
2020,7,2020-07,Classical,20,20,3,71.0,0.584,0.544,0.659
2020,7,2020-07,Electronic,3,3,3,6.1,0.485,0.524,0.488
2020,7,2020-07,Grunge,21,16,4,57.4,0.45,0.625,0.415
2020,7,2020-07,Hard Rock,43,33,4,139.1,0.408,0.562,0.477
2020,7,2020-07,Indie Rock,1,1,1,4.4,0.77,0.43,0.857
2020,7,2020-07,Latin Rock,17,17,2,65.4,0.518,0.564,0.449
2020,7,2020-07,Metal,5,5,4,22.2,0.44,0.547,0.425
2020,7,2020-07,Other,855,643,206,2545.4,0.457,0.518,0.472
2020,7,2020-07,Pop,67,44,7,191.5,0.59,0.477,0.433
2020,7,2020-07,Pop Rock,157,77,3,447.0,0.598,0.465,0.513
2020,7,2020-07,Post-Hardcore,1,1,1,0.6,0.612,0.194,0.472
2020,7,2020-07,Power Metal,19,14,1,51.7,0.396,0.569,0.487
2020,7,2020-07,Progressive Metal,44,28,4,206.0,0.554,0.529,0.45
2020,7,2020-07,Progressive Rock,43,34,4,157.5,0.492,0.476,0.507
2020,7,2020-07,Symphonic Metal,5,4,1,13.1,0.542,0.534,0.696
2020,8,2020-08,Alternative Rock,38,33,4,125.3,0.484,0.439,0.457
2020,8,2020-08,Blues,2,1,1,6.1,0.236,0.356,0.887
2020,8,2020-08,Classic Rock,7,7,3,11.5,0.509,0.756,0.608
2020,8,2020-08,Classical,1,1,1,2.6,0.723,0.713,0.57
2020,8,2020-08,Electronic,4,4,3,11.4,0.55,0.5,0.354
2020,8,2020-08,Grunge,8,6,2,32.8,0.4,0.696,0.411
2020,8,2020-08,Hard Rock,64,48,3,203.0,0.392,0.534,0.488
2020,8,2020-08,Latin Rock,2,2,1,0.0,0.372,0.412,0.316
2020,8,2020-08,Metal,7,7,2,26.7,0.534,0.751,0.434
2020,8,2020-08,Other,1060,777,209,2671.5,0.516,0.488,0.482
2020,8,2020-08,Pop,220,89,10,602.6,0.562,0.481,0.473
2020,8,2020-08,Pop Rock,17,12,3,46.2,0.551,0.374,0.515
2020,8,2020-08,Post-Rock,1,1,1,0.1,0.438,0.528,0.264
2020,8,2020-08,Power Metal,27,24,1,105.9,0.488,0.472,0.521
2020,8,2020-08,Progressive Metal,34,29,3,153.5,0.529,0.502,0.5
2020,8,2020-08,Progressive Rock,23,22,5,79.1,0.425,0.464,0.551
2020,8,2020-08,Punk Rock,2,2,1,1.5,0.799,0.624,0.15
2020,8,2020-08,R&B,2,2,1,0.2,0.432,0.548,0.33
2020,8,2020-08,Soundtrack,38,37,4,100.7,0.44,0.498,0.468
2020,8,2020-08,Symphonic Metal,25,20,1,71.3,0.575,0.57,0.392
2020,9,2020-09,Alternative Rock,24,24,7,68.9,0.448,0.574,0.458
2020,9,2020-09,Classic Rock,10,10,4,35.0,0.502,0.562,0.492
2020,9,2020-09,Electronic,32,19,1,85.2,0.42,0.485,0.509
2020,9,2020-09,Grunge,9,8,2,33.8,0.458,0.576,0.56
2020,9,2020-09,Hard Rock,14,11,2,51.4,0.384,0.505,0.465
2020,9,2020-09,Indie Rock,3,3,2,14.5,0.712,0.636,0.645
2020,9,2020-09,Metal,7,7,3,19.4,0.504,0.565,0.455
2020,9,2020-09,Other,1086,842,303,3462.7,0.489,0.507,0.476
2020,9,2020-09,Pop,195,124,13,494.0,0.542,0.464,0.495
2020,9,2020-09,Pop Rock,35,25,5,108.2,0.542,0.45,0.448
2020,9,2020-09,Power Metal,20,17,1,77.1,0.475,0.553,0.546
2020,9,2020-09,Progressive Metal,75,47,3,454.0,0.472,0.538,0.406
2020,9,2020-09,Progressive Rock,48,35,4,207.3,0.548,0.498,0.52
2020,9,2020-09,Punk Rock,3,3,1,6.5,0.668,0.417,0.395
2020,9,2020-09,R&B,2,2,1,9.2,0.501,0.72,0.509
2020,9,2020-09,Soundtrack,31,24,4,78.2,0.424,0.422,0.41
2020,9,2020-09,Symphonic Metal,2,2,1,3.9,0.58,0.82,0.544
2020,10,2020-10,Alternative Rock,82,62,7,261.3,0.504,0.494,0.516
2020,10,2020-10,Classic Rock,8,8,4,17.8,0.573,0.576,0.572
2020,10,2020-10,Classical,47,41,3,144.8,0.545,0.461,0.437
2020,10,2020-10,Electronic,12,11,2,34.5,0.458,0.41,0.517
2020,10,2020-10,Grunge,5,5,3,9.7,0.64,0.587,0.385
2020,10,2020-10,Hard Rock,61,31,6,223.2,0.51,0.589,0.406
2020,10,2020-10,Indie Rock,17,15,4,60.9,0.479,0.556,0.593
2020,10,2020-10,Latin Rock,21,21,1,10.1,0.538,0.46,0.475
2020,10,2020-10,Metal,1,1,1,3.7,0.589,0.442,0.09
2020,10,2020-10,Other,1182,884,269,3419.8,0.47,0.518,0.479
2020,10,2020-10,Pop,148,84,10,401.0,0.546,0.469,0.485
2020,10,2020-10,Pop Rock,23,22,5,45.1,0.58,0.433,0.557
2020,10,2020-10,Post-Rock,1,1,1,0.8,0.494,0.701,0.678
2020,10,2020-10,Power Metal,16,16,1,83.4,0.375,0.468,0.498
2020,10,2020-10,Progressive Metal,45,39,4,308.2,0.55,0.551,0.463
2020,10,2020-10,Progressive Rock,37,27,6,147.2,0.432,0.494,0.462
2020,10,2020-10,Punk Rock,3,3,1,0.2,0.625,0.489,0.664
2020,10,2020-10,Rock,2,2,2,7.8,0.65,0.584,0.507
2020,10,2020-10,Soundtrack,49,38,4,149.0,0.454,0.383,0.464
2020,10,2020-10,Symphonic Metal,13,11,1,59.4,0.512,0.564,0.345
2020,11,2020-11,Alternative Rock,30,25,5,84.1,0.45,0.543,0.564
2020,11,2020-11,Classic Rock,9,6,4,20.4,0.592,0.635,0.42
2020,11,2020-11,Classical,22,22,4,130.3,0.536,0.499,0.458
2020,11,2020-11,Electronic,12,12,4,41.2,0.527,0.537,0.388
2020,11,2020-11,Grunge,14,9,3,36.6,0.562,0.52,0.476
2020,11,2020-11,Hard Rock,13,7,2,51.5,0.669,0.475,0.342
2020,11,2020-11,Latin Rock,1,1,1,0.3,0.652,0.492,0.171
2020,11,2020-11,Metal,2,2,1,7.2,0.48,0.171,0.49
2020,11,2020-11,Other,1160,788,251,2935.0,0.533,0.52,0.478
2020,11,2020-11,Pop,134,61,11,402.6,0.568,0.477,0.435
2020,11,2020-11,Pop Rock,30,27,6,71.8,0.521,0.474,0.461
2020,11,2020-11,Power Metal,5,5,1,15.3,0.511,0.484,0.403
2020,11,2020-11,Progressive Metal,19,17,4,121.2,0.516,0.506,0.47
2020,11,2020-11,Progressive Rock,15,12,4,28.0,0.395,0.463,0.465
2020,11,2020-11,Punk Rock,1,1,1,1.0,0.392,0.633,0.306
2020,11,2020-11,R&B,2,2,1,5.1,0.419,0.252,0.428
2020,11,2020-11,Soundtrack,21,21,5,59.8,0.449,0.427,0.52
2020,11,2020-11,Symphonic Metal,1,1,1,5.6,0.655,0.297,0.599
2020,12,2020-12,Alternative Rock,15,13,5,36.9,0.564,0.745,0.449
2020,12,2020-12,Classic Rock,6,4,3,15.0,0.507,0.652,0.331
2020,12,2020-12,Electronic,12,7,2,23.1,0.501,0.554,0.533
2020,12,2020-12,Grunge,11,6,3,13.1,0.443,0.494,0.27
2020,12,2020-12,Hard Rock,59,23,3,213.7,0.554,0.606,0.413
2020,12,2020-12,Indie Rock,3,3,1,4.6,0.549,0.63,0.635
2020,12,2020-12,Latin Rock,5,5,3,23.3,0.582,0.485,0.36
2020,12,2020-12,Metal,2,2,2,7.9,0.715,0.603,0.066
2020,12,2020-12,Other,1266,739,279,3452.5,0.464,0.502,0.464
2020,12,2020-12,Pop,457,141,13,1183.6,0.584,0.441,0.44
2020,12,2020-12,Pop Rock,26,16,6,48.8,0.678,0.493,0.428
2020,12,2020-12,Progressive Metal,39,23,4,150.8,0.474,0.513,0.325
2020,12,2020-12,Progressive Rock,8,8,3,20.7,0.55,0.603,0.538
2020,12,2020-12,Punk Rock,5,5,2,8.6,0.402,0.627,0.545
2020,12,2020-12,R&B,3,3,1,8.0,0.416,0.447,0.4
2020,12,2020-12,Soundtrack,11,10,4,34.4,0.456,0.517,0.49
2020,12,2020-12,Symphonic Metal,6,6,1,34.4,0.557,0.253,0.577
2021,1,2021-01,Alternative Rock,36,31,6,108.0,0.491,0.535,0.499
2021,1,2021-01,Classic Rock,20,18,4,79.0,0.428,0.757,0.5
2021,1,2021-01,Electronic,18,16,4,59.8,0.46,0.606,0.473
2021,1,2021-01,Grunge,5,4,4,16.5,0.499,0.644,0.235
2021,1,2021-01,Hard Rock,54,38,3,203.4,0.493,0.596,0.429
2021,1,2021-01,Indie Rock,2,2,2,7.4,0.628,0.672,0.31
2021,1,2021-01,Metal,41,31,7,146.2,0.523,0.675,0.415
2021,1,2021-01,Other,847,577,229,2596.3,0.516,0.524,0.507
2021,1,2021-01,Pop,234,88,15,622.7,0.636,0.464,0.473
2021,1,2021-01,Pop Rock,25,18,7,66.6,0.617,0.469,0.501
2021,1,2021-01,Power Metal,1,1,1,5.2,0.239,0.553,0.451
2021,1,2021-01,Progressive Metal,39,20,3,157.1,0.477,0.548,0.353
2021,1,2021-01,Progressive Rock,21,19,3,81.4,0.499,0.461,0.582
2021,1,2021-01,R&B,2,2,1,7.9,0.419,0.252,0.428
2021,2,2021-02,Alternative Rock,53,42,7,200.8,0.487,0.484,0.52
2021,2,2021-02,Classic Rock,37,23,5,98.7,0.415,0.714,0.402
2021,2,2021-02,Classical,1,1,1,4.8,0.487,0.506,0.579
2021,2,2021-02,Electronic,22,11,3,65.5,0.397,0.629,0.483
2021,2,2021-02,Grunge,7,7,3,24.2,0.355,0.55,0.45
2021,2,2021-02,Hard Rock,38,17,5,120.0,0.539,0.547,0.365
2021,2,2021-02,Indie Rock,4,3,3,13.8,0.75,0.581,0.799
2021,2,2021-02,Metal,12,10,3,30.3,0.491,0.47,0.309
2021,2,2021-02,Other,1260,754,323,3589.2,0.491,0.545,0.494
2021,2,2021-02,Pop,202,84,12,508.8,0.604,0.453,0.485
2021,2,2021-02,Pop Rock,24,12,5,72.4,0.641,0.435,0.344
2021,2,2021-02,Progressive Metal,23,17,3,93.2,0.484,0.494,0.474
2021,2,2021-02,Progressive Rock,83,57,5,359.2,0.43,0.538,0.525
2021,2,2021-02,R&B,5,4,1,6.2,0.593,0.729,0.408
2021,2,2021-02,Rock,2,2,2,7.8,0.65,0.584,0.507
2021,2,2021-02,Soundtrack,14,14,5,37.1,0.5,0.492,0.406
2021,2,2021-02,Symphonic Metal,2,2,2,0.0,0.615,0.46,0.399
2021,3,2021-03,Alternative Metal,11,10,1,38.8,0.589,0.559,0.595
2021,3,2021-03,Alternative Rock,48,38,9,125.8,0.473,0.496,0.495
2021,3,2021-03,Classic Rock,25,17,4,49.0,0.39,0.674,0.463
2021,3,2021-03,Electronic,32,26,4,113.5,0.435,0.581,0.517
2021,3,2021-03,Grunge,14,9,3,39.4,0.584,0.513,0.449
2021,3,2021-03,Hard Rock,36,23,5,90.1,0.574,0.538,0.381
2021,3,2021-03,Indie Rock,1,1,1,0.0,0.548,0.532,0.405
2021,3,2021-03,Latin Rock,25,15,1,76.0,0.426,0.295,0.532
2021,3,2021-03,Metal,9,9,3,36.3,0.514,0.513,0.496
2021,3,2021-03,Other,1065,724,246,2982.7,0.474,0.546,0.472
2021,3,2021-03,Pop,27,21,6,39.0,0.643,0.377,0.404
2021,3,2021-03,Pop Rock,45,37,7,63.2,0.47,0.424,0.415
2021,3,2021-03,Power Metal,18,11,1,58.9,0.669,0.574,0.538
2021,3,2021-03,Progressive Metal,27,19,4,136.8,0.597,0.549,0.448
2021,3,2021-03,Progressive Rock,62,39,5,247.9,0.428,0.502,0.516
2021,3,2021-03,Punk Rock,11,11,3,8.3,0.594,0.675,0.568
2021,3,2021-03,Rock,2,1,1,7.8,0.681,0.768,0.412
2021,3,2021-03,Soundtrack,16,13,2,40.2,0.448,0.358,0.489
2021,3,2021-03,Symphonic Metal,74,52,2,310.7,0.594,0.464,0.41
2021,4,2021-04,Alternative Rock,55,41,10,148.0,0.436,0.648,0.456
2021,4,2021-04,Classic Rock,29,19,6,68.8,0.512,0.665,0.441
2021,4,2021-04,Electronic,21,17,2,54.6,0.597,0.532,0.389
2021,4,2021-04,Grunge,17,10,3,51.6,0.6,0.586,0.343
2021,4,2021-04,Hard Rock,21,9,2,66.3,0.576,0.556,0.421
2021,4,2021-04,Indie Rock,100,20,4,285.2,0.513,0.683,0.601
2021,4,2021-04,Latin Rock,7,7,1,14.5,0.543,0.483,0.47
2021,4,2021-04,Metal,21,21,5,71.7,0.431,0.691,0.483
2021,4,2021-04,Other,961,639,228,2771.9,0.482,0.546,0.478
2021,4,2021-04,Pop,172,67,12,413.2,0.627,0.427,0.452
2021,4,2021-04,Pop Rock,45,39,3,133.8,0.55,0.559,0.459
2021,4,2021-04,Power Metal,6,6,1,24.6,0.55,0.423,0.533
2021,4,2021-04,Progressive Metal,32,25,3,152.4,0.492,0.494,0.418
2021,4,2021-04,Progressive Rock,82,52,7,342.3,0.493,0.523,0.497
2021,4,2021-04,Punk Rock,4,4,2,5.3,0.516,0.609,0.677
2021,4,2021-04,Rock,2,1,1,7.8,0.681,0.768,0.412
2021,4,2021-04,Soundtrack,16,13,5,42.5,0.318,0.399,0.397
2021,4,2021-04,Symphonic Metal,3,2,1,2.0,0.689,0.31,0.485
2021,5,2021-05,Alternative Rock,46,29,7,102.7,0.469,0.512,0.502
2021,5,2021-05,Classic Rock,21,13,8,73.4,0.448,0.689,0.467
2021,5,2021-05,Electronic,13,10,4,35.1,0.546,0.584,0.478
2021,5,2021-05,Grunge,3,3,2,4.8,0.57,0.741,0.482
2021,5,2021-05,Hard Rock,20,10,2,49.6,0.548,0.447,0.348
2021,5,2021-05,Hip Hop,4,4,1,4.4,0.605,0.466,0.572
2021,5,2021-05,Indie Rock,40,8,3,90.8,0.475,0.673,0.565
2021,5,2021-05,Latin Rock,30,27,1,51.0,0.429,0.486,0.509
2021,5,2021-05,Other,1090,688,264,2902.9,0.492,0.497,0.492
2021,5,2021-05,Pop,249,63,14,524.4,0.614,0.434,0.452
2021,5,2021-05,Pop Rock,46,34,9,111.0,0.517,0.485,0.443
2021,5,2021-05,Post-Rock,1,1,1,0.0,0.455,0.323,0.911
2021,5,2021-05,Power Metal,2,2,1,0.2,0.419,0.353,0.544
2021,5,2021-05,Progressive Metal,35,21,4,176.5,0.505,0.516,0.412
2021,5,2021-05,Progressive Rock,44,28,6,173.8,0.398,0.568,0.487
2021,5,2021-05,Punk Rock,21,17,5,48.0,0.575,0.606,0.547
2021,5,2021-05,Rock,12,3,1,42.8,0.65,0.298,0.296
2021,5,2021-05,Soundtrack,10,10,5,31.3,0.405,0.272,0.249
2021,5,2021-05,Symphonic Metal,7,4,1,17.5,0.727,0.434,0.495
2021,6,2021-06,Alternative Rock,34,25,8,96.3,0.422,0.536,0.428
2021,6,2021-06,Classic Rock,22,16,8,85.0,0.456,0.693,0.505
2021,6,2021-06,Electronic,13,12,3,42.2,0.384,0.487,0.423
2021,6,2021-06,Grunge,14,11,4,38.2,0.451,0.603,0.374
2021,6,2021-06,Hard Rock,20,6,2,50.8,0.64,0.488,0.35
2021,6,2021-06,Indie Rock,5,5,3,10.4,0.439,0.602,0.576
2021,6,2021-06,Latin Rock,16,16,4,64.1,0.487,0.538,0.39
2021,6,2021-06,Metal,24,21,4,72.2,0.508,0.502,0.493
2021,6,2021-06,Other,1106,646,266,2850.0,0.513,0.552,0.479
2021,6,2021-06,Pop,209,53,12,470.1,0.601,0.43,0.444
2021,6,2021-06,Pop Rock,29,19,3,82.1,0.559,0.424,0.477
2021,6,2021-06,Power Metal,5,4,1,25.1,0.486,0.589,0.518
2021,6,2021-06,Progressive Metal,39,32,4,173.0,0.507,0.542,0.473
2021,6,2021-06,Progressive Rock,46,31,5,184.8,0.435,0.564,0.568
2021,6,2021-06,Punk Rock,1,1,1,3.1,0.723,0.895,0.963
2021,6,2021-06,Rock,2,2,2,4.3,0.686,0.495,0.5
2021,6,2021-06,Soundtrack,12,12,3,43.8,0.372,0.399,0.33
2021,6,2021-06,Symphonic Metal,2,2,1,8.1,0.735,0.43,0.533
2021,7,2021-07,Alternative Rock,13,11,6,33.6,0.5,0.455,0.461
2021,7,2021-07,Classic Rock,19,10,5,44.3,0.659,0.413,0.415
2021,7,2021-07,Classical,5,5,1,11.5,0.683,0.656,0.624
2021,7,2021-07,Doom Metal,1,1,1,0.4,0.637,0.014,0.746
2021,7,2021-07,Electronic,8,8,2,20.7,0.444,0.426,0.47
2021,7,2021-07,Grunge,4,2,2,11.1,0.527,0.603,0.358
2021,7,2021-07,Hard Rock,67,42,3,241.2,0.543,0.567,0.424
2021,7,2021-07,Hip Hop,1,1,1,2.9,0.624,0.109,0.425
2021,7,2021-07,Latin Rock,9,7,1,17.2,0.436,0.363,0.492
2021,7,2021-07,Metal,2,2,2,4.6,0.412,0.592,0.532
2021,7,2021-07,Other,729,462,158,1900.3,0.533,0.545,0.464
2021,7,2021-07,Pop,179,71,8,423.4,0.567,0.412,0.496
2021,7,2021-07,Pop Rock,2,2,2,7.2,0.352,0.626,0.563
2021,7,2021-07,Progressive Metal,21,13,3,111.0,0.539,0.473,0.452
2021,7,2021-07,Progressive Rock,8,8,5,57.8,0.458,0.572,0.374
2021,7,2021-07,Punk Rock,1,1,1,2.7,0.646,0.518,0.512
2021,7,2021-07,Rock,1,1,1,5.7,0.634,0.296,0.181
2021,7,2021-07,Soundtrack,4,4,1,12.2,0.374,0.412,0.532
2021,7,2021-07,Symphonic Metal,1,1,1,2.0,0.652,0.454,0.457
2021,8,2021-08,Alternative Rock,39,33,8,120.6,0.514,0.5,0.496
2021,8,2021-08,Classic Rock,22,18,6,53.0,0.527,0.589,0.542
2021,8,2021-08,Electronic,5,4,2,13.4,0.488,0.411,0.402
2021,8,2021-08,Grunge,8,6,3,15.4,0.444,0.539,0.324
2021,8,2021-08,Hard Rock,73,47,4,251.3,0.524,0.538,0.451
2021,8,2021-08,Indie Rock,3,3,3,12.5,0.488,0.614,0.65
2021,8,2021-08,Latin Rock,11,9,3,37.9,0.437,0.409,0.624
2021,8,2021-08,Metal,40,29,4,139.8,0.534,0.622,0.472
2021,8,2021-08,Other,1029,545,235,3090.6,0.499,0.541,0.502
2021,8,2021-08,Pop,317,65,12,829.5,0.588,0.42,0.472
2021,8,2021-08,Pop Rock,8,7,5,15.6,0.546,0.45,0.492
2021,8,2021-08,Power Metal,2,2,1,9.8,0.506,0.456,0.5
2021,8,2021-08,Progressive Metal,38,26,3,157.0,0.496,0.484,0.44
2021,8,2021-08,Progressive Rock,30,23,4,162.5,0.39,0.563,0.494
2021,8,2021-08,Rock,3,1,1,14.2,0.634,0.296,0.181
2021,8,2021-08,Soundtrack,7,7,3,30.4,0.391,0.454,0.378
2021,8,2021-08,Symphonic Metal,3,3,1,10.8,0.673,0.682,0.341
2021,9,2021-09,Alternative Rock,14,13,7,31.4,0.475,0.551,0.549
2021,9,2021-09,Classic Rock,21,15,3,51.0,0.494,0.555,0.524
2021,9,2021-09,Grunge,3,3,2,3.4,0.325,0.708,0.486
2021,9,2021-09,Hard Rock,41,23,2,105.4,0.6,0.581,0.404
2021,9,2021-09,Indie Rock,11,7,1,38.1,0.531,0.716,0.569
2021,9,2021-09,Latin Rock,43,28,3,108.1,0.519,0.398,0.516
2021,9,2021-09,Metal,13,12,4,22.6,0.571,0.62,0.426
2021,9,2021-09,Other,952,551,239,2220.6,0.5,0.549,0.494
2021,9,2021-09,Pop,152,73,9,293.0,0.548,0.464,0.481
2021,9,2021-09,Pop Rock,111,27,7,309.9,0.589,0.636,0.415
2021,9,2021-09,Post-Rock,1,1,1,0.0,0.455,0.323,0.911
2021,9,2021-09,Power Metal,1,1,1,5.5,0.894,0.322,0.439
2021,9,2021-09,Progressive Metal,89,23,2,371.4,0.526,0.544,0.448
2021,9,2021-09,Progressive Rock,43,24,6,85.3,0.481,0.566,0.486
2021,9,2021-09,Rock,1,1,1,5.7,0.634,0.296,0.181
2021,9,2021-09,Soundtrack,9,9,6,26.8,0.434,0.498,0.439
2021,9,2021-09,Symphonic Metal,2,2,2,9.1,0.585,0.508,0.289
2021,10,2021-10,Alternative Rock,14,11,5,36.6,0.516,0.595,0.355
2021,10,2021-10,Classic Rock,86,10,7,286.9,0.676,0.47,0.401
2021,10,2021-10,Classical,1,1,1,0.0,0.568,0.353,0.085
2021,10,2021-10,Electronic,20,13,3,61.2,0.524,0.405,0.489
2021,10,2021-10,Grunge,11,8,3,36.0,0.437,0.685,0.359
2021,10,2021-10,Hard Rock,10,7,3,19.2,0.582,0.476,0.463
2021,10,2021-10,Indie Rock,13,6,2,40.6,0.476,0.655,0.555
2021,10,2021-10,Latin Rock,51,20,4,134.5,0.577,0.421,0.41
2021,10,2021-10,Metal,2,2,1,10.8,0.488,0.532,0.63
2021,10,2021-10,Other,1258,525,219,3661.3,0.47,0.595,0.507
2021,10,2021-10,Pop,308,90,14,695.2,0.561,0.467,0.517
2021,10,2021-10,Pop Rock,11,11,5,22.0,0.522,0.572,0.395
2021,10,2021-10,Power Metal,1,1,1,0.0,0.239,0.553,0.451
2021,10,2021-10,Progressive Metal,28,11,2,78.1,0.459,0.623,0.47
2021,10,2021-10,Progressive Rock,148,35,8,703.0,0.637,0.496,0.481
2021,10,2021-10,R&B,1,1,1,5.1,0.315,0.273,0.194
2021,10,2021-10,Rock,3,1,1,16.4,0.634,0.296,0.181
2021,11,2021-11,Alternative Rock,5,5,5,10.6,0.289,0.652,0.466
2021,11,2021-11,Classic Rock,25,10,3,65.2,0.624,0.518,0.477
2021,11,2021-11,Electronic,1,1,1,0.1,0.459,0.619,0.235
2021,11,2021-11,Grunge,6,5,1,12.9,0.439,0.726,0.44
2021,11,2021-11,Hard Rock,6,5,1,28.1,0.542,0.714,0.402
2021,11,2021-11,Latin Rock,68,35,2,200.3,0.54,0.493,0.414
2021,11,2021-11,Metal,4,3,1,9.0,0.552,0.353,0.506
2021,11,2021-11,Other,496,325,113,1630.8,0.483,0.571,0.526
2021,11,2021-11,Pop,76,41,8,148.1,0.543,0.451,0.535
2021,11,2021-11,Pop Rock,2,2,2,6.8,0.651,0.579,0.33
2021,11,2021-11,Progressive Metal,26,18,3,163.1,0.536,0.469,0.489
2021,11,2021-11,Progressive Rock,81,52,4,314.1,0.514,0.489,0.441
2021,11,2021-11,Punk Rock,4,4,1,9.6,0.514,0.394,0.39
2021,11,2021-11,Rock,1,1,1,0.0,0.634,0.296,0.181
2021,12,2021-12,Classic Rock,12,12,3,25.2,0.49,0.586,0.638
2021,12,2021-12,Classical,25,18,3,79.3,0.439,0.479,0.421
2021,12,2021-12,Grunge,2,2,2,4.9,0.447,0.884,0.402
2021,12,2021-12,Hard Rock,5,2,2,4.4,0.589,0.398,0.339
2021,12,2021-12,Latin Pop,1,1,1,0.0,0.578,0.884,0.173
2021,12,2021-12,Latin Rock,5,3,1,8.6,0.605,0.225,0.341
2021,12,2021-12,Metal,2,2,1,8.0,0.489,0.588,0.494
2021,12,2021-12,Other,552,327,79,1552.4,0.525,0.513,0.453
2021,12,2021-12,Pop,311,96,7,825.4,0.576,0.443,0.473
2021,12,2021-12,Pop Rock,5,5,1,17.5,0.603,0.657,0.378
2021,12,2021-12,Progressive Metal,24,21,3,97.3,0.57,0.49,0.537
2021,12,2021-12,Progressive Rock,32,29,4,124.6,0.416,0.362,0.369
2021,12,2021-12,Symphonic Metal,6,6,1,29.8,0.642,0.497,0.423
2022,1,2022-01,Alternative Rock,34,31,5,106.2,0.466,0.622,0.479
2022,1,2022-01,Classic Rock,7,5,5,8.8,0.339,0.632,0.305
2022,1,2022-01,Electronic,11,9,1,40.7,0.348,0.443,0.5
2022,1,2022-01,Grunge,5,2,1,18.1,0.38,0.84,0.239
2022,1,2022-01,Hard Rock,22,14,3,78.4,0.508,0.533,0.418
2022,1,2022-01,Indie Rock,1,1,1,1.9,0.761,0.745,0.144
2022,1,2022-01,Latin Rock,15,8,1,32.1,0.625,0.525,0.284
2022,1,2022-01,Metal,4,4,1,9.2,0.662,0.431,0.7
2022,1,2022-01,Other,772,485,162,2672.4,0.482,0.539,0.491
2022,1,2022-01,Pop,140,67,7,407.3,0.548,0.479,0.514
2022,1,2022-01,Pop Rock,2,2,2,1.1,0.777,0.609,0.618
2022,1,2022-01,Power Metal,2,2,1,9.3,0.338,0.394,0.836
2022,1,2022-01,Progressive Metal,22,15,2,85.0,0.44,0.601,0.442
2022,1,2022-01,Progressive Rock,14,12,5,54.0,0.442,0.488,0.455
2022,1,2022-01,Symphonic Metal,3,3,1,11.6,0.649,0.351,0.248
2022,2,2022-02,Alternative Rock,37,27,6,78.2,0.497,0.757,0.411
2022,2,2022-02,Classic Rock,6,5,1,13.2,0.48,0.296,0.517
2022,2,2022-02,Grunge,2,2,2,7.0,0.326,0.482,0.236
2022,2,2022-02,Hard Rock,35,29,2,137.4,0.551,0.577,0.391
2022,2,2022-02,Indie Rock,2,1,1,8.0,0.761,0.745,0.144
2022,2,2022-02,Latin Rock,56,34,5,177.8,0.58,0.439,0.449
2022,2,2022-02,Metal,15,15,4,73.2,0.453,0.667,0.476
2022,2,2022-02,Other,774,569,217,2811.9,0.508,0.511,0.492
2022,2,2022-02,Pop,79,44,9,242.1,0.531,0.467,0.496
2022,2,2022-02,Pop Rock,35,26,2,115.6,0.594,0.487,0.461
2022,2,2022-02,Power Metal,11,10,2,41.9,0.499,0.519,0.457
2022,2,2022-02,Progressive Metal,41,36,3,259.5,0.603,0.545,0.525
2022,2,2022-02,Progressive Rock,24,13,4,118.9,0.551,0.548,0.52
2022,2,2022-02,Soundtrack,1,1,1,4.9,0.407,0.419,0.044
2022,2,2022-02,Symphonic Metal,10,9,1,41.1,0.598,0.441,0.388
2022,3,2022-03,Alternative Rock,11,9,5,21.9,0.476,0.7,0.418
2022,3,2022-03,Classic Rock,19,9,3,40.6,0.54,0.602,0.412
2022,3,2022-03,Grunge,23,17,3,82.1,0.45,0.589,0.345
2022,3,2022-03,Hard Rock,3,1,1,11.2,0.527,0.408,0.319
2022,3,2022-03,Indie Rock,10,5,1,15.2,0.708,0.66,0.288
2022,3,2022-03,Latin Rock,4,3,2,6.7,0.76,0.575,0.719
2022,3,2022-03,Metal,26,22,3,102.9,0.467,0.59,0.394
2022,3,2022-03,Other,749,512,147,2382.0,0.476,0.545,0.46
2022,3,2022-03,Pop,54,27,6,95.3,0.55,0.467,0.506
2022,3,2022-03,Pop Rock,9,9,2,25.0,0.614,0.51,0.545
2022,3,2022-03,Power Metal,92,62,2,365.5,0.502,0.549,0.521
2022,3,2022-03,Progressive Metal,41,20,2,232.6,0.578,0.495,0.501
2022,3,2022-03,Progressive Rock,47,26,4,175.6,0.55,0.523,0.497
2022,3,2022-03,Punk Rock,41,26,6,101.8,0.428,0.721,0.559
2022,3,2022-03,Soundtrack,11,11,2,44.5,0.419,0.312,0.364
2022,3,2022-03,Symphonic Metal,20,17,1,98.6,0.569,0.59,0.419
2022,4,2022-04,Alternative Rock,16,12,7,41.4,0.445,0.534,0.537
2022,4,2022-04,Classic Rock,21,11,6,40.0,0.603,0.594,0.473
2022,4,2022-04,Classical,7,2,1,18.6,0.255,0.059,0.221
2022,4,2022-04,Electronic,12,7,4,50.4,0.432,0.56,0.719
2022,4,2022-04,Grunge,6,5,2,20.9,0.418,0.721,0.427
2022,4,2022-04,Hard Rock,9,5,3,14.2,0.603,0.515,0.405
2022,4,2022-04,Indie Rock,6,5,2,0.8,0.55,0.666,0.51
2022,4,2022-04,Latin Rock,11,11,3,50.8,0.549,0.435,0.453
2022,4,2022-04,Metal,4,4,1,13.6,0.452,0.462,0.388
2022,4,2022-04,Other,805,478,175,1720.8,0.532,0.541,0.5
2022,4,2022-04,Pop,20,16,7,32.8,0.69,0.468,0.602
2022,4,2022-04,Pop Rock,3,3,2,7.3,0.811,0.548,0.525
2022,4,2022-04,Progressive Metal,3,3,3,15.2,0.722,0.628,0.416
2022,4,2022-04,Progressive Rock,92,38,7,231.5,0.563,0.517,0.542
2022,4,2022-04,Punk Rock,6,5,3,14.7,0.536,0.83,0.702
2022,4,2022-04,Soundtrack,2,1,1,0.0,0.787,0.725,0.448
2022,5,2022-05,Alternative Rock,5,5,3,12.8,0.565,0.426,0.43
2022,5,2022-05,Classic Rock,59,18,7,145.8,0.623,0.642,0.492
2022,5,2022-05,Classical,3,1,1,0.8,0.225,0.005,0.186
2022,5,2022-05,Electronic,6,6,1,26.4,0.517,0.496,0.647
2022,5,2022-05,Grunge,5,5,2,16.2,0.379,0.524,0.253
2022,5,2022-05,Hard Rock,7,5,3,10.1,0.531,0.573,0.351
2022,5,2022-05,Indie Rock,1,1,1,0.3,0.761,0.745,0.144
2022,5,2022-05,Latin Rock,3,3,1,12.1,0.775,0.481,0.531
2022,5,2022-05,Metal,7,7,2,17.5,0.535,0.711,0.487
2022,5,2022-05,Other,999,406,181,1953.8,0.548,0.564,0.539
2022,5,2022-05,Pop,53,44,4,84.6,0.52,0.464,0.5
2022,5,2022-05,Pop Rock,16,12,2,49.6,0.546,0.62,0.553
2022,5,2022-05,Power Metal,3,1,1,0.5,0.456,0.138,0.606
2022,5,2022-05,Progressive Metal,11,8,3,29.0,0.633,0.441,0.447
2022,5,2022-05,Progressive Rock,159,31,5,402.6,0.61,0.503,0.571
2022,5,2022-05,Punk Rock,6,6,3,20.9,0.447,0.872,0.533
2022,5,2022-05,Rock,2,2,1,1.5,0.62,0.279,0.471
2022,5,2022-05,Symphonic Metal,3,2,1,5.7,0.8,0.462,0.38
2022,6,2022-06,Alternative Rock,29,17,3,69.6,0.502,0.624,0.568
2022,6,2022-06,Classic Rock,34,14,7,84.6,0.55,0.657,0.52
2022,6,2022-06,Electronic,1,1,1,4.8,0.521,0.504,0.644
2022,6,2022-06,Hard Rock,34,26,2,138.5,0.537,0.679,0.46
2022,6,2022-06,Indie Rock,1,1,1,4.2,0.526,0.866,0.248
2022,6,2022-06,Latin Rock,71,26,4,279.6,0.464,0.535,0.432
2022,6,2022-06,Metal,1,1,1,0.1,0.577,0.828,0.604
2022,6,2022-06,Other,1258,457,184,3248.7,0.541,0.557,0.521
2022,6,2022-06,Pop,74,33,10,194.4,0.552,0.419,0.438
2022,6,2022-06,Pop Rock,20,12,3,58.3,0.486,0.517,0.356
2022,6,2022-06,Power Metal,1,1,1,0.0,0.456,0.138,0.606
2022,6,2022-06,Progressive Metal,6,4,1,23.4,0.849,0.527,0.304
2022,6,2022-06,Progressive Rock,64,23,6,286.3,0.571,0.431,0.492
2022,6,2022-06,Punk Rock,2,2,2,1.9,0.358,0.898,0.504
2022,6,2022-06,R&B,2,1,1,1.2,0.315,0.273,0.194
2022,6,2022-06,Rock,43,4,1,129.8,0.366,0.308,0.669
2022,6,2022-06,Soundtrack,4,4,2,9.3,0.618,0.547,0.423
2022,7,2022-07,Alternative Rock,30,23,5,77.5,0.509,0.738,0.547
2022,7,2022-07,Classic Rock,12,8,4,39.7,0.684,0.545,0.4
2022,7,2022-07,Classical,39,30,1,74.8,0.499,0.376,0.427
2022,7,2022-07,Electronic,3,3,1,6.4,0.453,0.486,0.535
2022,7,2022-07,Grunge,1,1,1,0.1,0.148,0.209,0.354
2022,7,2022-07,Hard Rock,65,19,2,163.3,0.51,0.591,0.509
2022,7,2022-07,Indie Rock,1,1,1,3.7,0.352,0.911,0.236
2022,7,2022-07,Latin Rock,3,3,1,12.4,0.45,0.58,0.699
2022,7,2022-07,Metal,1,1,1,8.6,0.543,0.836,0.56
2022,7,2022-07,Other,589,377,132,1584.5,0.515,0.554,0.57
2022,7,2022-07,Pop,78,27,6,197.9,0.576,0.485,0.484
2022,7,2022-07,Pop Rock,96,73,6,306.1,0.548,0.503,0.509
2022,7,2022-07,Power Metal,4,4,1,19.4,0.433,0.866,0.682
2022,7,2022-07,Progressive Metal,5,4,3,9.6,0.65,0.479,0.351
2022,7,2022-07,Progressive Rock,43,15,4,178.7,0.603,0.431,0.52
2022,7,2022-07,Punk Rock,7,7,3,22.9,0.528,0.819,0.585
2022,7,2022-07,Rock,2,2,2,6.9,0.37,0.642,0.587
2022,7,2022-07,Soundtrack,8,8,1,33.3,0.323,0.434,0.379
2022,8,2022-08,Classical,28,18,1,0.0,0.542,0.468,0.547
2022,8,2022-08,Other,25,21,2,0.2,,,
2022,8,2022-08,Pop,2,2,1,2.1,0.526,0.476,0.618
2022,9,2022-09,Classical,62,15,1,0.5,0.497,0.361,0.571
2022,9,2022-09,Other,34,12,2,7.1,,,
2022,9,2022-09,Pop,1,1,1,4.1,0.632,0.284,0.208
2022,9,2022-09,Pop Rock,1,1,1,4.4,0.383,0.637,0.083
2022,10,2022-10,Classical,105,18,1,376.6,0.526,0.373,0.515
2022,10,2022-10,Other,50,11,1,179.2,,,
2022,11,2022-11,Other,5,5,2,2.2,0.505,0.591,0.39
2022,12,2022-12,Indie Rock,1,1,1,3.4,0.288,0.758,0.619
2022,12,2022-12,Other,11,11,6,20.6,0.56,0.415,0.622
2022,12,2022-12,Pop,3,1,1,2.5,0.167,0.059,0.614
2022,12,2022-12,Pop Rock,6,6,1,6.8,0.46,0.434,0.504
2023,1,2023-01,Alternative Rock,24,18,5,75.3,0.523,0.792,0.504
2023,1,2023-01,Classical,6,6,1,21.9,0.385,0.378,0.485
2023,1,2023-01,Electronic,29,20,1,113.9,0.478,0.434,0.576
2023,1,2023-01,Hard Rock,15,11,2,61.5,0.461,0.456,0.485
2023,1,2023-01,Indie Rock,2,2,1,6.0,0.489,0.694,0.71
2023,1,2023-01,Latin Rock,19,17,2,70.2,0.511,0.394,0.502
2023,1,2023-01,Metal,9,7,4,39.5,0.446,0.78,0.361
2023,1,2023-01,Other,405,347,148,1409.4,0.479,0.558,0.446
2023,1,2023-01,Pop,69,54,11,217.6,0.559,0.47,0.429
2023,1,2023-01,Pop Rock,26,15,2,82.2,0.557,0.514,0.42
2023,1,2023-01,Power Metal,10,10,1,44.8,0.53,0.444,0.566
2023,1,2023-01,Progressive Metal,4,3,1,20.5,0.611,0.518,0.531
2023,1,2023-01,Progressive Rock,15,15,4,76.0,0.386,0.575,0.497
2023,1,2023-01,R&B,1,1,1,3.6,0.68,0.826,0.644
2023,2,2023-02,Alternative Rock,28,23,5,100.8,0.529,0.688,0.46
2023,2,2023-02,Classic Rock,17,12,3,64.0,0.542,0.735,0.381
2023,2,2023-02,Classical,5,5,1,27.1,0.428,0.212,0.511
2023,2,2023-02,Electronic,17,9,1,59.9,0.415,0.516,0.588
2023,2,2023-02,Grunge,13,10,2,53.6,0.521,0.645,0.541
2023,2,2023-02,Hard Rock,7,6,2,24.0,0.378,0.744,0.405
2023,2,2023-02,Indie Rock,4,4,1,15.0,0.712,0.438,0.744
2023,2,2023-02,Latin Rock,27,19,3,118.1,0.469,0.472,0.528
2023,2,2023-02,Metal,13,8,2,32.5,0.511,0.741,0.476
2023,2,2023-02,Other,300,252,101,942.0,0.491,0.58,0.545
2023,2,2023-02,Pop,41,35,8,121.0,0.567,0.443,0.5
2023,2,2023-02,Pop Rock,25,16,2,71.3,0.48,0.445,0.454
2023,2,2023-02,Progressive Rock,1,1,1,0.0,0.587,0.302,0.19
2023,2,2023-02,R&B,2,2,1,3.6,0.376,0.834,0.696
2023,3,2023-03,Alternative Rock,29,23,7,71.0,0.48,0.666,0.448
2023,3,2023-03,Classic Rock,2,2,2,5.0,0.614,0.58,0.594
2023,3,2023-03,Classical,3,3,1,16.2,0.494,0.077,0.33
2023,3,2023-03,Electronic,8,8,3,17.8,0.431,0.359,0.478
2023,3,2023-03,Grunge,4,4,2,11.3,0.538,0.67,0.38
2023,3,2023-03,Hard Rock,3,2,1,11.9,0.492,0.336,0.668
2023,3,2023-03,Indie Rock,4,2,1,4.6,0.608,0.748,0.524
2023,3,2023-03,Latin Rock,4,4,1,16.1,0.575,0.31,0.374
2023,3,2023-03,Metal,3,2,1,3.4,0.304,0.921,0.102
2023,3,2023-03,Other,595,353,97,1678.0,0.546,0.532,0.451
2023,3,2023-03,Pop,195,80,8,485.7,0.572,0.46,0.501
2023,3,2023-03,Pop Rock,82,43,4,232.0,0.549,0.557,0.446
2023,3,2023-03,Progressive Metal,25,22,1,134.8,0.48,0.568,0.416
2023,3,2023-03,Progressive Rock,29,23,3,82.2,0.473,0.395,0.374
2023,3,2023-03,R&B,4,1,1,7.2,0.68,0.826,0.644
2023,3,2023-03,Symphonic Metal,3,3,1,18.1,0.645,0.253,0.398
2023,4,2023-04,Alternative Rock,57,35,10,157.6,0.489,0.596,0.467
2023,4,2023-04,Classic Rock,12,8,7,22.4,0.456,0.662,0.479
2023,4,2023-04,Electronic,7,7,3,21.0,0.301,0.387,0.479
2023,4,2023-04,Grunge,24,19,2,76.0,0.528,0.505,0.519
2023,4,2023-04,Hard Rock,6,3,2,28.0,0.536,0.428,0.427
2023,4,2023-04,Hip Hop,43,30,2,87.1,0.605,0.463,0.563
2023,4,2023-04,Indie Rock,3,3,1,7.2,0.562,0.745,0.557
2023,4,2023-04,Latin Rock,37,32,5,61.5,0.52,0.433,0.505
2023,4,2023-04,Metal,4,4,2,19.0,0.483,0.785,0.414
2023,4,2023-04,Other,900,597,233,2398.4,0.492,0.555,0.494
2023,4,2023-04,Pop,121,74,9,290.2,0.641,0.469,0.485
2023,4,2023-04,Pop Rock,67,49,11,162.0,0.518,0.555,0.504
2023,4,2023-04,Progressive Metal,14,10,2,77.9,0.412,0.6,0.591
2023,4,2023-04,Progressive Rock,22,21,4,86.7,0.501,0.535,0.436
2023,4,2023-04,Punk Rock,3,3,2,9.0,0.501,0.93,0.727
2023,4,2023-04,R&B,3,2,1,9.6,0.711,0.853,0.715
2023,4,2023-04,Rock,1,1,1,0.0,0.52,0.709,0.536
2023,4,2023-04,Symphonic Metal,2,2,1,6.3,0.446,0.575,0.494
2023,5,2023-05,Alternative Rock,122,69,7,376.5,0.512,0.614,0.468
2023,5,2023-05,Classic Rock,25,21,5,92.2,0.453,0.624,0.441
2023,5,2023-05,Classical,9,8,1,32.4,0.404,0.36,0.422
2023,5,2023-05,Electronic,3,3,2,7.6,0.423,0.485,0.342
2023,5,2023-05,Grunge,9,9,2,38.0,0.595,0.465,0.474
2023,5,2023-05,Hard Rock,17,7,3,52.5,0.404,0.636,0.339
2023,5,2023-05,Hip Hop,31,24,1,74.4,0.52,0.529,0.568
2023,5,2023-05,Indie Rock,13,7,2,38.5,0.493,0.67,0.673
2023,5,2023-05,Latin Rock,96,47,7,292.7,0.483,0.462,0.441
2023,5,2023-05,Metal,11,4,2,35.7,0.432,0.862,0.248
2023,5,2023-05,Other,1073,669,227,3143.7,0.536,0.517,0.486
2023,5,2023-05,Pop,60,32,11,170.1,0.589,0.52,0.484
2023,5,2023-05,Pop Rock,40,21,5,115.7,0.473,0.613,0.439
2023,5,2023-05,Power Metal,9,7,1,44.8,0.495,0.5,0.592
2023,5,2023-05,Progressive Metal,23,14,2,102.3,0.432,0.561,0.437
2023,5,2023-05,Progressive Rock,16,8,3,44.9,0.44,0.528,0.552
2023,5,2023-05,Punk Rock,7,6,3,21.6,0.528,0.918,0.732
2023,5,2023-05,R&B,3,3,1,11.0,0.482,0.761,0.438
2023,5,2023-05,Rock,6,2,1,15.5,0.507,0.3,0.374
2023,5,2023-05,Symphonic Metal,6,2,1,21.5,0.491,0.606,0.143
2023,6,2023-06,Alternative Rock,17,15,5,60.3,0.473,0.55,0.492
2023,6,2023-06,Classic Rock,6,5,2,10.8,0.467,0.717,0.539
2023,6,2023-06,Classical,8,8,1,40.4,0.537,0.247,0.444
2023,6,2023-06,Hard Rock,7,7,2,28.8,0.491,0.624,0.428
2023,6,2023-06,Hip Hop,65,26,1,185.8,0.652,0.494,0.571
2023,6,2023-06,Latin Rock,5,4,3,15.6,0.465,0.312,0.731
2023,6,2023-06,Metal,4,4,2,15.7,0.392,0.936,0.28
2023,6,2023-06,Other,397,279,116,1243.8,0.51,0.581,0.518
2023,6,2023-06,Pop,12,10,5,32.4,0.626,0.528,0.586
2023,6,2023-06,Pop Rock,2,1,1,4.2,0.226,0.797,0.311
2023,6,2023-06,Power Metal,1,1,1,5.6,0.61,0.455,0.183
2023,6,2023-06,Progressive Metal,8,6,2,28.0,0.452,0.547,0.481
2023,6,2023-06,Progressive Rock,6,5,3,23.7,0.423,0.5,0.595
2023,6,2023-06,Symphonic Metal,3,3,1,12.8,0.578,0.526,0.235
2023,7,2023-07,Alternative Rock,29,17,6,89.8,0.463,0.732,0.496
2023,7,2023-07,Classic Rock,4,3,3,16.6,0.52,0.57,0.356
2023,7,2023-07,Electronic,4,2,2,15.3,0.42,0.473,0.425
2023,7,2023-07,Grunge,28,19,3,94.4,0.371,0.486,0.487
2023,7,2023-07,Hard Rock,8,5,3,30.2,0.432,0.648,0.418
2023,7,2023-07,Hip Hop,70,35,1,257.7,0.61,0.492,0.586
2023,7,2023-07,Indie Rock,3,2,1,9.4,0.422,0.716,0.679
2023,7,2023-07,Latin Rock,14,8,3,47.8,0.525,0.329,0.569
2023,7,2023-07,Metal,14,7,4,44.6,0.511,0.702,0.373
2023,7,2023-07,Other,718,437,146,2313.1,0.535,0.546,0.519
2023,7,2023-07,Pop,62,50,6,217.3,0.596,0.518,0.547
2023,7,2023-07,Pop Rock,7,7,2,19.9,0.557,0.637,0.419
2023,7,2023-07,Progressive Metal,1,1,1,3.8,0.047,0.853,0.491
2023,7,2023-07,Progressive Rock,2,2,1,8.1,0.448,0.542,0.372
2023,7,2023-07,Punk Rock,1,1,1,3.0,0.457,0.83,0.602
2023,7,2023-07,R&B,1,1,1,3.6,0.68,0.826,0.644
2023,7,2023-07,Rock,3,2,2,11.4,0.604,0.448,0.265
2023,7,2023-07,Soundtrack,5,5,1,16.7,0.631,0.557,0.49
2023,7,2023-07,Symphonic Metal,1,1,1,4.3,0.472,0.658,0.113
2023,8,2023-08,Alternative Rock,20,12,4,69.0,0.465,0.673,0.471
2023,8,2023-08,Classic Rock,2,2,1,7.2,0.448,0.834,0.453
2023,8,2023-08,Electronic,9,5,3,29.4,0.44,0.431,0.471
2023,8,2023-08,Grunge,3,3,3,9.9,0.347,0.449,0.608
2023,8,2023-08,Hard Rock,16,6,2,63.6,0.635,0.55,0.343
2023,8,2023-08,Hip Hop,55,27,1,201.2,0.626,0.537,0.571
2023,8,2023-08,Indie Rock,5,3,1,17.0,0.416,0.754,0.581
2023,8,2023-08,Latin Rock,9,9,1,42.4,0.542,0.531,0.463
2023,8,2023-08,Metal,13,8,4,34.0,0.537,0.774,0.362
2023,8,2023-08,Other,703,463,174,2285.0,0.516,0.553,0.478
2023,8,2023-08,Pop,65,35,10,176.8,0.632,0.539,0.562
2023,8,2023-08,Pop Rock,9,6,4,29.2,0.428,0.776,0.413
2023,8,2023-08,Power Metal,15,13,1,65.2,0.516,0.572,0.445
2023,8,2023-08,Progressive Metal,17,12,2,58.4,0.443,0.524,0.463
2023,8,2023-08,Progressive Rock,9,5,4,31.9,0.488,0.584,0.505
2023,8,2023-08,Punk Rock,2,1,1,3.5,0.457,0.83,0.602
2023,8,2023-08,R&B,2,2,2,8.7,0.498,0.55,0.419
2023,8,2023-08,Rock,1,1,1,5.7,0.634,0.296,0.181
2023,8,2023-08,Symphonic Metal,1,1,1,4.3,0.472,0.658,0.113
2023,9,2023-09,Alternative Metal,12,9,1,36.2,0.458,0.679,0.315
2023,9,2023-09,Alternative Rock,23,18,5,70.1,0.438,0.67,0.443
2023,9,2023-09,Classic Rock,31,19,10,117.4,0.405,0.642,0.417
2023,9,2023-09,Classical,2,2,1,6.9,0.662,0.433,0.544
2023,9,2023-09,Electronic,5,3,2,10.2,0.355,0.355,0.406
2023,9,2023-09,Grunge,15,10,4,48.3,0.518,0.663,0.505
2023,9,2023-09,Hard Rock,47,24,5,156.8,0.552,0.595,0.422
2023,9,2023-09,Hip Hop,1,1,1,5.0,0.614,0.955,0.852
2023,9,2023-09,Indie Rock,8,6,2,23.2,0.525,0.707,0.586
2023,9,2023-09,Latin Rock,2,2,2,3.8,0.406,0.169,0.834
2023,9,2023-09,Metal,35,17,5,91.9,0.462,0.781,0.364
2023,9,2023-09,Other,674,453,199,1973.5,0.532,0.59,0.511
2023,9,2023-09,Pop,26,16,5,62.8,0.604,0.534,0.507
2023,9,2023-09,Pop Rock,9,8,5,28.4,0.595,0.64,0.525
2023,9,2023-09,Power Metal,2,2,2,3.9,0.556,0.447,0.506
2023,9,2023-09,Progressive Metal,5,4,3,21.6,0.301,0.533,0.392
2023,9,2023-09,Progressive Rock,15,8,3,46.0,0.626,0.623,0.627
2023,9,2023-09,Punk Rock,6,2,2,17.7,0.468,0.849,0.629
2023,9,2023-09,Rock,1,1,1,4.4,0.52,0.709,0.536
2023,9,2023-09,Symphonic Metal,1,1,1,3.9,0.472,0.658,0.113
2023,10,2023-10,Alternative Metal,2,2,1,7.8,0.316,0.801,0.552
2023,10,2023-10,Alternative Rock,22,15,5,74.3,0.532,0.782,0.436
2023,10,2023-10,Classic Rock,15,12,7,68.1,0.427,0.639,0.401
2023,10,2023-10,Electronic,6,4,1,8.8,0.649,0.424,0.534
2023,10,2023-10,Grunge,8,7,2,32.6,0.571,0.712,0.518
2023,10,2023-10,Hard Rock,119,43,5,407.8,0.556,0.622,0.42
2023,10,2023-10,Hip Hop,6,3,1,21.2,0.83,0.491,0.541
2023,10,2023-10,Indie Rock,2,2,2,7.5,0.518,0.578,0.378
2023,10,2023-10,Latin Rock,17,15,3,35.5,0.564,0.517,0.437
2023,10,2023-10,Metal,59,24,6,198.1,0.437,0.756,0.345
2023,10,2023-10,Other,618,355,160,1694.7,0.539,0.616,0.531
2023,10,2023-10,Pop,51,35,8,128.0,0.604,0.432,0.48
2023,10,2023-10,Pop Rock,23,14,3,60.4,0.537,0.475,0.55
2023,10,2023-10,Power Metal,1,1,1,0.3,0.897,0.331,0.487
2023,10,2023-10,Progressive Metal,9,8,3,30.2,0.592,0.618,0.634
2023,10,2023-10,Progressive Rock,25,22,4,113.4,0.474,0.54,0.486
2023,10,2023-10,Rock,2,2,2,10.4,0.59,0.524,0.308
2023,10,2023-10,Soundtrack,23,21,3,18.1,0.444,0.48,0.432
2023,10,2023-10,Symphonic Metal,2,1,1,4.3,0.472,0.658,0.113
2023,11,2023-11,Alternative Rock,16,16,5,58.4,0.49,0.802,0.486
2023,11,2023-11,Classic Rock,2,1,1,0.1,0.558,0.673,0.309
2023,11,2023-11,Classical,2,2,2,10.1,0.338,0.296,0.442
2023,11,2023-11,Grunge,3,3,3,11.2,0.466,0.712,0.543
2023,11,2023-11,Hard Rock,12,10,3,49.0,0.511,0.608,0.351
2023,11,2023-11,Hip Hop,4,4,1,17.4,0.502,0.429,0.53
2023,11,2023-11,Indie Rock,8,4,1,22.0,0.516,0.655,0.538
2023,11,2023-11,Metal,28,16,5,83.3,0.475,0.812,0.336
2023,11,2023-11,Other,290,220,90,944.7,0.53,0.581,0.501
2023,11,2023-11,Pop,29,15,4,60.4,0.637,0.461,0.483
2023,11,2023-11,Pop Rock,28,15,3,88.3,0.558,0.391,0.435
2023,11,2023-11,Progressive Metal,53,33,3,263.5,0.492,0.528,0.482
2023,11,2023-11,Progressive Rock,5,4,2,24.2,0.493,0.489,0.516
2023,11,2023-11,Punk Rock,2,1,1,10.9,0.312,0.949,0.65
2023,11,2023-11,Rock,2,2,2,8.2,0.59,0.524,0.308
2023,12,2023-12,Alternative Rock,50,28,6,139.6,0.475,0.759,0.49
2023,12,2023-12,Classic Rock,4,2,1,8.7,0.357,0.62,0.385
2023,12,2023-12,Grunge,3,2,2,9.9,0.429,0.904,0.356
2023,12,2023-12,Hard Rock,19,13,6,68.8,0.436,0.752,0.379
2023,12,2023-12,Indie Rock,10,6,2,32.7,0.496,0.71,0.615
2023,12,2023-12,Metal,34,24,5,114.3,0.475,0.712,0.369
2023,12,2023-12,Other,295,188,89,869.4,0.516,0.572,0.452
2023,12,2023-12,Pop,17,13,5,59.6,0.634,0.466,0.555
2023,12,2023-12,Pop Rock,15,7,3,38.9,0.466,0.565,0.445
2023,12,2023-12,Progressive Metal,19,14,2,92.7,0.45,0.601,0.51
2023,12,2023-12,Progressive Rock,6,5,3,16.4,0.348,0.485,0.577
2023,12,2023-12,Punk Rock,2,2,1,5.2,0.41,0.962,0.399
2023,12,2023-12,Rock,3,2,2,15.1,0.575,0.601,0.35
2023,12,2023-12,Symphonic Metal,1,1,1,4.3,0.472,0.658,0.113
2024,1,2024-01,Alternative Rock,8,6,4,23.5,0.405,0.676,0.496
2024,1,2024-01,Classic Rock,5,4,1,10.8,0.352,0.782,0.486
2024,1,2024-01,Electronic,1,1,1,4.2,0.686,0.131,0.756
2024,1,2024-01,Grunge,3,3,1,13.0,0.628,0.623,0.501
2024,1,2024-01,Hard Rock,14,12,5,40.0,0.462,0.716,0.405
2024,1,2024-01,Hip Hop,6,6,2,20.3,0.711,0.468,0.619
2024,1,2024-01,Indie Rock,7,7,2,23.6,0.606,0.741,0.587
2024,1,2024-01,Metal,18,12,5,62.6,0.45,0.798,0.386
2024,1,2024-01,Other,361,256,133,1258.8,0.507,0.593,0.489
2024,1,2024-01,Pop,36,18,7,107.3,0.561,0.547,0.622
2024,1,2024-01,Pop Rock,23,15,7,71.4,0.431,0.506,0.578
2024,1,2024-01,Progressive Metal,8,8,3,25.2,0.453,0.61,0.414
2024,1,2024-01,Progressive Rock,9,9,3,51.4,0.368,0.54,0.447
2024,1,2024-01,Punk Rock,1,1,1,4.4,0.496,0.682,0.474
2024,1,2024-01,R&B,1,1,1,3.2,0.772,0.908,0.857
2024,1,2024-01,Rock,1,1,1,4.4,0.52,0.709,0.536
2024,1,2024-01,Symphonic Metal,1,1,1,0.1,0.576,0.588,0.316
2024,2,2024-02,Alternative Rock,14,11,6,44.0,0.424,0.776,0.519
2024,2,2024-02,Classic Rock,6,4,2,20.5,0.58,0.643,0.506
2024,2,2024-02,Electronic,1,1,1,0.0,0.686,0.131,0.756
2024,2,2024-02,Grunge,15,8,3,56.0,0.415,0.853,0.381
2024,2,2024-02,Hard Rock,5,5,2,21.5,0.542,0.487,0.332
2024,2,2024-02,Hip Hop,1,1,1,3.2,0.536,0.301,0.43
2024,2,2024-02,Indie Rock,2,2,2,7.0,0.708,0.786,0.467
2024,2,2024-02,Latin Rock,1,1,1,0.1,0.352,0.372,0.349
2024,2,2024-02,Metal,11,7,3,31.9,0.486,0.622,0.34
2024,2,2024-02,Other,451,293,127,1576.6,0.493,0.61,0.488
2024,2,2024-02,Pop,23,13,6,59.4,0.541,0.505,0.592
2024,2,2024-02,Pop Rock,62,30,6,191.4,0.582,0.469,0.484
2024,2,2024-02,Progressive Metal,21,19,4,111.0,0.507,0.509,0.532
2024,2,2024-02,Progressive Rock,9,5,2,37.0,0.52,0.487,0.541
2024,2,2024-02,Punk Rock,1,1,1,2.8,0.429,0.974,0.33
2024,2,2024-02,Rock,3,2,2,7.3,0.558,0.571,0.418
2024,3,2024-03,Alternative Rock,24,18,6,84.2,0.568,0.559,0.547
2024,3,2024-03,Classic Rock,35,25,5,127.4,0.516,0.63,0.587
2024,3,2024-03,Classical,2,2,1,9.2,0.46,0.106,0.377
2024,3,2024-03,Grunge,19,14,4,60.2,0.43,0.74,0.466
2024,3,2024-03,Hard Rock,31,22,5,95.0,0.478,0.609,0.394
2024,3,2024-03,Hip Hop,15,13,2,65.5,0.677,0.512,0.579
2024,3,2024-03,Indie Rock,3,3,2,8.8,0.444,0.767,0.552
2024,3,2024-03,Latin Rock,17,10,1,82.4,0.51,0.572,0.462
2024,3,2024-03,Metal,47,37,9,133.3,0.427,0.676,0.383
2024,3,2024-03,Other,796,470,177,2796.2,0.533,0.559,0.531
2024,3,2024-03,Pop,45,23,7,143.2,0.572,0.409,0.479
2024,3,2024-03,Pop Rock,27,12,4,85.4,0.433,0.446,0.375
2024,3,2024-03,Power Metal,30,24,1,100.8,0.566,0.507,0.517
2024,3,2024-03,Progressive Metal,39,18,3,153.9,0.503,0.619,0.4
2024,3,2024-03,Progressive Rock,19,12,3,55.4,0.501,0.493,0.51
2024,3,2024-03,Punk Rock,10,10,3,30.0,0.459,0.924,0.643
2024,3,2024-03,Rock,8,2,2,30.4,0.534,0.657,0.492
2024,4,2024-04,Alternative Rock,19,11,5,50.7,0.454,0.795,0.434
2024,4,2024-04,Classic Rock,26,14,6,99.4,0.527,0.652,0.54
2024,4,2024-04,Electronic,2,2,2,4.3,0.312,0.607,0.612
2024,4,2024-04,Grunge,22,13,4,68.4,0.482,0.634,0.467
2024,4,2024-04,Hard Rock,66,29,4,242.0,0.403,0.665,0.384
2024,4,2024-04,Hip Hop,3,3,3,9.8,0.681,0.413,0.582
2024,4,2024-04,Indie Rock,5,2,2,16.0,0.719,0.677,0.538
2024,4,2024-04,Latin Rock,26,19,2,95.3,0.543,0.469,0.537
2024,4,2024-04,Metal,17,11,6,66.6,0.452,0.485,0.434
2024,4,2024-04,Other,731,484,189,2527.6,0.499,0.577,0.522
2024,4,2024-04,Pop,49,44,10,159.3,0.513,0.442,0.503
2024,4,2024-04,Pop Rock,11,11,7,37.1,0.534,0.533,0.568
2024,4,2024-04,Power Metal,6,6,1,26.5,0.607,0.36,0.403
2024,4,2024-04,Progressive Metal,24,14,4,98.5,0.638,0.506,0.403
2024,4,2024-04,Progressive Rock,53,36,3,219.9,0.448,0.503,0.48
2024,4,2024-04,Punk Rock,2,2,2,6.8,0.556,0.714,0.554
2024,4,2024-04,R&B,7,3,1,24.4,0.686,0.817,0.656
2024,4,2024-04,Rock,5,4,4,22.8,0.553,0.507,0.441
2024,4,2024-04,Soundtrack,3,3,1,14.1,0.601,0.714,0.333
2024,4,2024-04,Symphonic Metal,16,12,1,62.3,0.506,0.539,0.452
2024,5,2024-05,Alternative Metal,1,1,1,3.6,0.443,0.781,0.372
2024,5,2024-05,Alternative Rock,45,31,8,127.1,0.501,0.538,0.573
2024,5,2024-05,Classic Rock,15,13,7,46.5,0.502,0.602,0.475
2024,5,2024-05,Electronic,4,4,1,10.8,0.625,0.446,0.708
2024,5,2024-05,Grunge,6,6,3,25.5,0.432,0.648,0.472
2024,5,2024-05,Hard Rock,64,36,5,245.0,0.399,0.545,0.419
2024,5,2024-05,Indie Rock,1,1,1,2.6,0.548,0.532,0.405
2024,5,2024-05,Metal,12,9,5,41.9,0.495,0.551,0.342
2024,5,2024-05,Other,789,526,224,2565.0,0.483,0.55,0.527
2024,5,2024-05,Pop,102,47,9,354.8,0.583,0.486,0.5
2024,5,2024-05,Pop Rock,11,9,4,29.7,0.433,0.45,0.54
2024,5,2024-05,Power Metal,2,2,1,9.0,0.536,0.474,0.176
2024,5,2024-05,Progressive Metal,72,41,3,361.7,0.488,0.506,0.473
2024,5,2024-05,Progressive Rock,54,31,6,147.6,0.496,0.492,0.569
2024,5,2024-05,Punk Rock,4,3,2,9.7,0.47,0.938,0.68
2024,5,2024-05,R&B,1,1,1,3.2,0.772,0.908,0.857
2024,5,2024-05,Rock,3,3,3,8.5,0.545,0.524,0.462
2024,5,2024-05,Soundtrack,7,7,2,21.3,0.447,0.503,0.448
2024,5,2024-05,Symphonic Metal,4,3,1,2.0,0.747,0.468,0.79
2024,6,2024-06,Alternative Rock,54,41,8,156.5,0.436,0.571,0.483
2024,6,2024-06,Classic Rock,6,5,3,13.4,0.328,0.661,0.468
2024,6,2024-06,Country,2,2,2,6.6,0.59,0.489,0.567
2024,6,2024-06,Electronic,27,16,3,41.4,0.411,0.502,0.459
2024,6,2024-06,Grunge,7,6,2,19.8,0.47,0.556,0.419
2024,6,2024-06,Hard Rock,17,9,5,54.5,0.493,0.536,0.336
2024,6,2024-06,Indie Rock,1,1,1,4.5,0.548,0.532,0.405
2024,6,2024-06,Metal,11,10,3,43.8,0.401,0.575,0.41
2024,6,2024-06,Other,835,583,250,2337.5,0.494,0.521,0.487
2024,6,2024-06,Pop,65,47,9,177.2,0.563,0.564,0.556
2024,6,2024-06,Pop Rock,16,12,5,39.2,0.493,0.557,0.442
2024,6,2024-06,Post-Rock,2,1,1,3.9,0.455,0.323,0.911
2024,6,2024-06,Power Metal,6,6,1,18.1,0.323,0.57,0.755
2024,6,2024-06,Progressive Metal,130,35,1,655.2,0.462,0.518,0.473
2024,6,2024-06,Progressive Rock,17,8,3,32.4,0.538,0.467,0.647
2024,6,2024-06,Punk Rock,5,4,3,4.7,0.655,0.899,0.633
2024,6,2024-06,Rock,2,2,2,4.8,0.613,0.76,0.423
2024,6,2024-06,Symphonic Metal,1,1,1,0.0,0.576,0.588,0.316
2024,7,2024-07,Alternative Rock,34,27,9,130.9,0.525,0.61,0.448
2024,7,2024-07,Classic Rock,17,16,6,74.8,0.445,0.565,0.368
2024,7,2024-07,Classical,4,4,1,17.6,0.46,0.131,0.465
2024,7,2024-07,Electronic,6,6,3,16.4,0.509,0.47,0.512
2024,7,2024-07,Grunge,55,28,5,238.8,0.422,0.683,0.388
2024,7,2024-07,Hard Rock,14,6,3,63.8,0.498,0.496,0.553
2024,7,2024-07,Latin Rock,30,20,4,103.9,0.507,0.448,0.405
2024,7,2024-07,Metal,1,1,1,0.1,0.178,0.447,0.268
2024,7,2024-07,Other,489,346,136,1707.5,0.485,0.558,0.461
2024,7,2024-07,Pop,51,27,7,121.3,0.544,0.458,0.461
2024,7,2024-07,Pop Rock,7,7,4,17.4,0.543,0.495,0.422
2024,7,2024-07,Power Metal,1,1,1,0.5,0.767,0.723,0.236
2024,7,2024-07,Progressive Metal,19,17,2,99.0,0.513,0.569,0.521
2024,7,2024-07,Progressive Rock,17,13,3,74.2,0.456,0.394,0.342
2024,7,2024-07,Punk Rock,3,3,2,8.8,0.688,0.728,0.734
2024,7,2024-07,Symphonic Metal,6,4,1,32.1,0.501,0.618,0.345
2024,8,2024-08,Alternative Rock,31,22,6,102.9,0.504,0.685,0.461
2024,8,2024-08,Classic Rock,4,4,2,14.7,0.592,0.573,0.62
2024,8,2024-08,Classical,5,3,1,16.4,0.414,0.083,0.351
2024,8,2024-08,Grunge,20,8,2,69.5,0.393,0.848,0.423
2024,8,2024-08,Hard Rock,26,12,6,97.3,0.419,0.679,0.421
2024,8,2024-08,Latin Rock,21,18,4,41.4,0.499,0.408,0.524
2024,8,2024-08,Metal,30,16,3,87.2,0.499,0.742,0.418
2024,8,2024-08,Other,710,490,227,2220.6,0.483,0.577,0.504
2024,8,2024-08,Pop,47,26,7,151.4,0.521,0.481,0.602
2024,8,2024-08,Pop Rock,2,2,2,7.0,0.337,0.556,0.398
2024,8,2024-08,Power Metal,32,27,2,138.3,0.508,0.499,0.516
2024,8,2024-08,Progressive Metal,65,39,5,320.2,0.483,0.503,0.432
2024,8,2024-08,Progressive Rock,4,4,2,17.6,0.368,0.584,0.54
2024,8,2024-08,Rock,1,1,1,4.4,0.52,0.709,0.536
2024,8,2024-08,Symphonic Metal,8,7,1,35.0,0.49,0.526,0.45
2024,9,2024-09,Alternative Rock,47,28,6,125.2,0.553,0.688,0.457
2024,9,2024-09,Classic Rock,3,1,1,15.4,0.333,0.927,0.385
2024,9,2024-09,Electronic,3,2,2,5.1,0.231,0.309,0.131
2024,9,2024-09,Grunge,5,3,2,12.0,0.386,0.664,0.659
2024,9,2024-09,Hard Rock,40,18,3,116.1,0.389,0.619,0.461
2024,9,2024-09,Indie Rock,35,13,2,130.3,0.596,0.49,0.551
2024,9,2024-09,Latin Rock,24,21,6,45.1,0.471,0.478,0.49
2024,9,2024-09,Metal,20,18,3,93.2,0.439,0.683,0.537
2024,9,2024-09,Other,549,377,157,1691.2,0.508,0.521,0.493
2024,9,2024-09,Pop,51,37,7,134.2,0.54,0.436,0.514
2024,9,2024-09,Pop Rock,16,4,3,19.1,0.63,0.328,0.176
2024,9,2024-09,Power Metal,5,4,2,1.5,0.555,0.474,0.797
2024,9,2024-09,Progressive Metal,43,23,4,165.6,0.5,0.548,0.479
2024,9,2024-09,Progressive Rock,14,12,5,58.9,0.515,0.501,0.529
2024,9,2024-09,Punk Rock,1,1,1,4.1,0.063,0.482,0.823
2024,9,2024-09,R&B,1,1,1,3.6,0.68,0.826,0.644
2024,9,2024-09,Symphonic Metal,8,7,1,21.2,0.566,0.618,0.393
2024,10,2024-10,Alternative Rock,16,11,2,45.3,0.543,0.703,0.476
2024,10,2024-10,Classic Rock,4,3,3,9.4,0.534,0.684,0.721
2024,10,2024-10,Classical,17,12,2,61.2,0.536,0.436,0.447
2024,10,2024-10,Electronic,1,1,1,2.0,0.162,0.353,0.055
2024,10,2024-10,Hard Rock,6,3,2,8.1,0.508,0.783,0.241
2024,10,2024-10,Hip Hop,9,7,2,22.5,0.621,0.577,0.609
2024,10,2024-10,Indie Rock,93,30,4,318.4,0.541,0.458,0.528
2024,10,2024-10,Latin Rock,36,35,6,119.3,0.509,0.506,0.498
2024,10,2024-10,Metal,25,18,5,96.1,0.401,0.703,0.368
2024,10,2024-10,Other,701,489,202,1946.9,0.505,0.558,0.494
2024,10,2024-10,Pop,46,37,7,133.8,0.507,0.542,0.455
2024,10,2024-10,Pop Rock,33,16,3,110.4,0.587,0.473,0.403
2024,10,2024-10,Power Metal,1,1,1,0.8,0.235,0.932,0.703
2024,10,2024-10,Progressive Metal,7,7,3,25.4,0.502,0.642,0.455
2024,10,2024-10,Progressive Rock,21,13,4,106.2,0.539,0.388,0.416
2024,10,2024-10,Punk Rock,9,1,1,10.7,0.523,0.943,0.766
2024,10,2024-10,R&B,1,1,1,3.6,0.68,0.826,0.644
2024,10,2024-10,Rock,1,1,1,0.8,0.545,0.753,0.434
2024,10,2024-10,Soundtrack,3,2,1,3.8,0.623,0.49,0.357
2024,10,2024-10,Symphonic Metal,3,3,1,2.6,0.577,0.54,0.361
2024,11,2024-11,Alternative Rock,43,21,3,120.1,0.473,0.646,0.552
2024,11,2024-11,Classic Rock,18,11,6,67.2,0.537,0.55,0.514
2024,11,2024-11,Classical,2,2,1,9.8,0.408,0.23,0.608
2024,11,2024-11,Electronic,2,2,1,12.3,0.417,0.536,0.772
2024,11,2024-11,Grunge,2,2,1,0.2,0.351,0.637,0.37
2024,11,2024-11,Indie Rock,9,4,1,29.0,0.542,0.616,0.592
2024,11,2024-11,Latin Folk,9,6,1,23.7,0.44,0.577,0.551
2024,11,2024-11,Latin Pop,1,1,1,2.0,0.334,0.598,0.528
2024,11,2024-11,Latin Rock,80,46,5,234.9,0.568,0.448,0.542
2024,11,2024-11,Metal,23,14,2,102.6,0.405,0.773,0.398
2024,11,2024-11,Other,971,621,270,2761.6,0.507,0.543,0.509
2024,11,2024-11,Pop,56,46,8,164.8,0.575,0.506,0.506
2024,11,2024-11,Pop Rock,4,4,2,14.4,0.71,0.384,0.428
2024,11,2024-11,Progressive Metal,7,6,3,12.6,0.325,0.548,0.483
2024,11,2024-11,Progressive Rock,12,10,7,48.9,0.561,0.392,0.464
2024,11,2024-11,Punk Rock,3,2,2,6.0,0.479,0.946,0.667
2024,11,2024-11,Rock,2,1,1,9.0,0.472,0.42,0.35
2024,12,2024-12,Alternative Rock,2,2,2,4.5,0.732,0.336,0.658
2024,12,2024-12,Classic Rock,8,7,4,33.4,0.46,0.651,0.6
2024,12,2024-12,Electronic,1,1,1,4.3,0.14,0.649,0.606
2024,12,2024-12,Hard Rock,1,1,1,4.8,0.678,0.314,0.319
2024,12,2024-12,Latin Rock,15,10,2,58.3,0.582,0.51,0.491
2024,12,2024-12,Metal,115,44,4,495.8,0.488,0.639,0.47
2024,12,2024-12,Other,461,290,99,1960.9,0.523,0.565,0.547
2024,12,2024-12,Pop,3,3,2,8.6,0.745,0.379,0.586
2024,12,2024-12,Pop Rock,1,1,1,4.0,0.655,0.434,0.76
2024,12,2024-12,Power Metal,4,4,2,13.9,0.544,0.475,0.401
2024,12,2024-12,Progressive Metal,52,33,2,284.2,0.629,0.533,0.484
2024,12,2024-12,Progressive Rock,13,13,4,71.7,0.398,0.468,0.45
2024,12,2024-12,Punk Rock,11,11,1,28.5,0.493,0.651,0.609
2024,12,2024-12,Symphonic Metal,6,4,1,26.8,0.535,0.686,0.533
2025,1,2025-01,Alternative Rock,17,14,5,69.6,0.472,0.621,0.431
2025,1,2025-01,Classic Rock,13,7,4,60.3,0.512,0.524,0.495
2025,1,2025-01,Classical,17,9,4,56.4,0.459,0.592,0.484
2025,1,2025-01,Grunge,1,1,1,4.9,0.33,0.14,0.475
2025,1,2025-01,Hard Rock,2,2,2,10.9,0.645,0.598,0.575
2025,1,2025-01,Indie Rock,4,1,1,16.0,0.761,0.745,0.144
2025,1,2025-01,Metal,10,8,2,38.5,0.439,0.812,0.413
2025,1,2025-01,Other,619,386,152,2384.6,0.54,0.543,0.56
2025,1,2025-01,Pop,3,3,3,4.2,0.664,0.453,0.481
2025,1,2025-01,Pop Rock,2,2,2,7.9,0.732,0.602,0.376
2025,1,2025-01,Progressive Metal,121,43,3,570.0,0.51,0.525,0.444
2025,1,2025-01,Progressive Rock,19,13,5,87.7,0.517,0.394,0.525
2025,1,2025-01,R&B,4,1,1,20.4,0.315,0.273,0.194
2025,1,2025-01,Symphonic Metal,3,3,1,20.5,0.567,0.453,0.345
2025,2,2025-02,Alternative Rock,6,4,2,26.5,0.456,0.396,0.54
2025,2,2025-02,Classic Rock,11,10,5,50.5,0.6,0.526,0.577
2025,2,2025-02,Electronic,1,1,1,4.6,0.439,0.838,0.818
2025,2,2025-02,Grunge,5,5,1,23.2,0.467,0.441,0.476
2025,2,2025-02,Hard Rock,3,2,2,8.0,0.245,0.413,0.281
2025,2,2025-02,Latin Rock,2,2,1,1.0,0.52,0.504,0.24
2025,2,2025-02,Other,577,319,104,2311.0,0.533,0.503,0.498
2025,2,2025-02,Pop,19,12,2,53.4,0.463,0.503,0.474
2025,2,2025-02,Pop Rock,1,1,1,3.8,0.802,0.735,0.546
2025,2,2025-02,Progressive Metal,188,47,4,986.1,0.462,0.478,0.447
2025,2,2025-02,Progressive Rock,10,8,5,51.8,0.549,0.351,0.555
2025,2,2025-02,Punk Rock,2,2,1,2.8,0.238,0.926,0.275
2025,2,2025-02,R&B,2,1,1,10.2,0.315,0.273,0.194
2025,2,2025-02,Symphonic Metal,1,1,1,0.4,0.576,0.588,0.316
2025,3,2025-03,Classic Rock,1,1,1,4.9,0.33,0.469,0.433
2025,3,2025-03,Classical,15,13,2,55.2,0.436,0.343,0.562
2025,3,2025-03,Latin Rock,2,2,1,3.7,0.59,0.384,0.574
2025,3,2025-03,Metal,1,1,1,4.2,0.611,0.653,0.835
2025,3,2025-03,Other,502,314,117,1986.0,0.519,0.55,0.455
2025,3,2025-03,Pop,20,20,7,70.7,0.453,0.488,0.449
2025,3,2025-03,Pop Rock,1,1,1,4.4,0.561,0.4,0.519
2025,3,2025-03,Progressive Metal,139,30,3,668.6,0.489,0.515,0.465
2025,3,2025-03,Progressive Rock,21,19,6,147.8,0.471,0.478,0.496
2025,3,2025-03,R&B,2,2,2,8.3,0.544,0.59,0.526
2025,3,2025-03,Rock,1,1,1,5.7,0.634,0.296,0.181
2025,4,2025-04,Alternative Rock,17,14,5,67.7,0.522,0.666,0.459
2025,4,2025-04,Classic Rock,1,1,1,4.0,0.642,0.543,0.944
2025,4,2025-04,Classical,7,6,2,7.2,0.505,0.554,0.46
2025,4,2025-04,Electronic,3,3,1,8.1,0.623,0.376,0.564
2025,4,2025-04,Grunge,10,5,3,44.7,0.47,0.727,0.532
2025,4,2025-04,Hard Rock,1,1,1,8.0,0.279,0.806,0.132
2025,4,2025-04,Latin Rock,2,2,1,6.5,0.59,0.384,0.574
2025,4,2025-04,Metal,6,5,2,22.9,0.359,0.897,0.283
2025,4,2025-04,Other,434,258,105,1571.5,0.469,0.52,0.466
2025,4,2025-04,Pop,1,1,1,5.1,0.262,0.707,0.884
2025,4,2025-04,Pop Rock,1,1,1,2.8,0.129,0.53,0.434
2025,4,2025-04,Progressive Metal,135,36,2,572.5,0.515,0.493,0.442
2025,4,2025-04,Progressive Rock,9,6,3,74.1,0.389,0.457,0.624
2025,4,2025-04,Rock,1,1,1,5.7,0.634,0.296,0.181
2025,4,2025-04,Soundtrack,3,3,1,10.5,0.408,0.237,0.214
2025,4,2025-04,Symphonic Metal,1,1,1,5.9,0.358,0.846,0.364
2025,5,2025-05,Alternative Rock,10,9,5,37.6,0.481,0.651,0.478
2025,5,2025-05,Classic Rock,10,10,4,44.8,0.457,0.59,0.372
2025,5,2025-05,Electronic,48,21,3,157.0,0.439,0.424,0.57
2025,5,2025-05,Grunge,4,3,2,15.9,0.524,0.663,0.383
2025,5,2025-05,Hard Rock,2,2,2,4.2,0.64,0.27,0.692
2025,5,2025-05,Metal,6,6,2,20.0,0.451,0.466,0.485
2025,5,2025-05,Other,408,327,136,1358.9,0.534,0.51,0.487
2025,5,2025-05,Pop,3,3,3,8.6,0.545,0.6,0.376
2025,5,2025-05,Power Metal,5,4,1,9.7,0.328,0.605,0.601
2025,5,2025-05,Progressive Metal,73,28,1,401.0,0.471,0.502,0.48
2025,5,2025-05,Progressive Rock,1,1,1,0.1,0.696,0.249,0.632
2025,5,2025-05,Soundtrack,1,1,1,5.1,0.089,0.563,0.307
2025,6,2025-06,Blues,1,1,1,5.0,0.561,0.681,0.62
2025,6,2025-06,Classic Rock,10,10,8,46.1,0.486,0.634,0.48
2025,6,2025-06,Electronic,15,11,1,64.8,0.463,0.388,0.589
2025,6,2025-06,Hip Hop,1,1,1,4.2,0.293,0.67,0.492
2025,6,2025-06,Indie Rock,1,1,1,3.2,0.681,0.399,0.917
2025,6,2025-06,Latin Folk,3,3,1,11.0,0.6,0.367,0.58
2025,6,2025-06,Other,428,329,161,1483.3,0.514,0.513,0.536
2025,6,2025-06,Pop,57,37,7,181.0,0.505,0.431,0.543
2025,6,2025-06,Pop Rock,18,18,4,64.0,0.576,0.504,0.497
2025,6,2025-06,Progressive Metal,55,19,2,254.2,0.555,0.583,0.484
2025,6,2025-06,Progressive Rock,3,3,3,10.3,0.534,0.498,0.41
2025,6,2025-06,R&B,2,2,2,9.6,0.614,0.49,0.518
2025,6,2025-06,Symphonic Metal,2,2,1,2.7,0.435,0.594,0.558
2025,7,2025-07,Alternative Metal,1,1,1,0.0,0.276,0.701,0.903
2025,7,2025-07,Alternative Rock,7,7,5,19.2,0.339,0.509,0.421
2025,7,2025-07,Classic Rock,8,7,3,21.9,0.599,0.685,0.592
2025,7,2025-07,Electronic,25,15,5,76.6,0.459,0.345,0.582
2025,7,2025-07,Hard Rock,30,27,2,137.5,0.465,0.586,0.43
2025,7,2025-07,Indie Rock,2,2,2,5.4,0.513,0.716,0.718
2025,7,2025-07,Latin Folk,12,12,1,36.2,0.527,0.516,0.673
2025,7,2025-07,Latin Rock,2,2,2,7.8,0.262,0.41,0.661
2025,7,2025-07,Metal,2,1,1,5.5,0.425,0.828,0.859
2025,7,2025-07,Other,391,307,139,1263.2,0.49,0.538,0.512
2025,7,2025-07,Pop,36,29,4,109.0,0.588,0.478,0.499
2025,7,2025-07,Pop Rock,4,4,2,13.2,0.624,0.418,0.531
2025,7,2025-07,Post-Hardcore,1,1,1,2.9,0.612,0.194,0.472
2025,7,2025-07,Power Metal,1,1,1,0.0,0.254,0.159,0.286
2025,7,2025-07,Progressive Metal,11,10,3,51.6,0.5,0.52,0.524
2025,7,2025-07,Progressive Rock,5,4,2,20.3,0.489,0.369,0.587
2025,7,2025-07,R&B,2,1,1,10.2,0.315,0.273,0.194
2025,7,2025-07,Rock,1,1,1,4.5,0.472,0.42,0.35
2025,7,2025-07,Symphonic Metal,1,1,1,4.8,0.576,0.588,0.316
2025,8,2025-08,Alternative Rock,14,14,5,45.0,0.521,0.64,0.48
2025,8,2025-08,Classic Rock,14,7,5,43.0,0.516,0.705,0.59
2025,8,2025-08,Classical,5,5,1,16.0,0.607,0.318,0.698
2025,8,2025-08,Electronic,16,7,2,60.3,0.459,0.396,0.613
2025,8,2025-08,Grunge,1,1,1,5.3,0.291,0.186,0.585
2025,8,2025-08,Hard Rock,17,16,1,86.8,0.553,0.575,0.514
2025,8,2025-08,Indie Rock,2,1,1,9.1,0.548,0.532,0.405
2025,8,2025-08,Latin Folk,3,3,1,7.4,0.246,0.541,0.525
2025,8,2025-08,Metal,25,25,4,100.9,0.522,0.483,0.47
2025,8,2025-08,Other,756,541,231,3050.1,0.497,0.524,0.537
2025,8,2025-08,Pop,123,54,12,482.0,0.523,0.471,0.515
2025,8,2025-08,Pop Rock,1,1,1,3.8,0.802,0.735,0.546
2025,8,2025-08,Progressive Metal,47,26,4,250.2,0.447,0.595,0.446
2025,8,2025-08,Progressive Rock,19,16,4,103.7,0.364,0.542,0.493
2025,8,2025-08,Punk Rock,3,3,2,7.0,0.362,0.54,0.333
2025,8,2025-08,R&B,2,1,1,10.2,0.315,0.273,0.194
2025,8,2025-08,Soundtrack,1,1,1,0.0,0.303,0.431,0.422
2025,9,2025-09,Alternative Rock,16,15,4,48.1,0.568,0.671,0.461
2025,9,2025-09,Classic Rock,2,2,2,7.8,0.538,0.64,0.655
2025,9,2025-09,Electronic,2,2,2,8.6,0.552,0.692,0.482
2025,9,2025-09,Hard Rock,6,6,3,23.4,0.443,0.592,0.566
2025,9,2025-09,Indie Rock,5,5,3,21.1,0.426,0.658,0.452
2025,9,2025-09,Metal,7,6,4,34.9,0.452,0.714,0.444
2025,9,2025-09,Other,316,243,93,1145.8,0.52,0.537,0.481
2025,9,2025-09,Pop,26,23,6,89.4,0.436,0.397,0.535
2025,9,2025-09,Progressive Metal,64,47,3,332.4,0.535,0.511,0.446
2025,9,2025-09,Progressive Rock,9,8,3,67.1,0.456,0.486,0.477
2025,9,2025-09,Punk Rock,25,10,1,44.4,0.259,0.477,0.657
2025,9,2025-09,Rock,1,1,1,0.1,0.742,0.338,0.224
2025,10,2025-10,Classic Rock,5,3,3,18.7,0.476,0.768,0.507
2025,10,2025-10,Hard Rock,2,2,1,6.3,0.585,0.467,0.469
2025,10,2025-10,Latin Rock,9,9,1,20.2,0.408,0.378,0.586
2025,10,2025-10,Metal,8,6,2,38.5,0.416,0.519,0.415
2025,10,2025-10,Other,73,57,28,263.4,0.474,0.534,0.61
2025,10,2025-10,Pop,6,6,1,25.3,0.407,0.413,0.478
2025,10,2025-10,Progressive Metal,13,13,1,80.9,0.465,0.533,0.506
2025,10,2025-10,Progressive Rock,1,1,1,7.1,0.19,0.733,0.581
2025,11,2025-11,Alternative Rock,5,5,4,21.3,0.503,0.634,0.406
2025,11,2025-11,Classic Rock,2,1,1,5.5,0.521,0.721,0.611
2025,11,2025-11,Grunge,5,2,2,4.7,0.309,0.637,0.379
2025,11,2025-11,Hard Rock,3,3,2,13.6,0.398,0.737,0.244
2025,11,2025-11,Latin Rock,27,25,4,76.0,0.484,0.438,0.479
2025,11,2025-11,Metal,8,5,2,31.5,0.305,0.619,0.602
2025,11,2025-11,Other,121,80,35,385.7,0.468,0.64,0.4
2025,11,2025-11,Progressive Metal,31,22,2,152.1,0.467,0.509,0.419
2025,11,2025-11,Progressive Rock,1,1,1,4.4,0.503,0.438,0.439
2025,11,2025-11,Punk Rock,17,12,1,48.9,0.309,0.484,0.62
2025,11,2025-11,Rock,1,1,1,1.6,0.619,0.4,0.603
2025,12,2025-12,Alternative Rock,7,7,5,26.1,0.49,0.549,0.509
2025,12,2025-12,Classic Rock,1,1,1,4.6,0.472,0.74,0.568
2025,12,2025-12,Grunge,1,1,1,4.7,0.179,0.71,0.501
2025,12,2025-12,Hard Rock,2,2,1,10.4,0.538,0.667,0.442
2025,12,2025-12,Indie Rock,1,1,1,0.2,0.548,0.532,0.405
2025,12,2025-12,Latin Rock,2,2,2,8.9,0.531,0.725,0.55
2025,12,2025-12,Metal,1,1,1,0.5,0.541,0.626,0.786
2025,12,2025-12,Other,237,167,80,1028.5,0.477,0.549,0.488
2025,12,2025-12,Pop,3,2,2,4.8,0.291,0.486,0.342
2025,12,2025-12,Pop Rock,2,2,1,8.6,0.654,0.635,0.542
2025,12,2025-12,Progressive Metal,41,15,2,172.4,0.542,0.51,0.486
2025,12,2025-12,Progressive Rock,2,2,1,10.4,0.612,0.42,0.282
2026,1,2026-01,Classic Rock,12,11,1,54.2,0.511,0.533,0.349
2026,1,2026-01,Other,151,129,31,625.8,0.455,0.441,0.463
2026,1,2026-01,Pop,1,1,1,2.6,0.784,0.564,0.762
2026,1,2026-01,Power Metal,51,46,3,217.1,0.517,0.483,0.468
2026,1,2026-01,Progressive Metal,4,4,1,8.7,0.441,0.527,0.346
2026,1,2026-01,Symphonic Metal,1,1,1,0.9,0.679,0.299,0.9
2026,2,2026-02,Classic Rock,3,3,3,15.7,0.53,0.348,0.328
2026,2,2026-02,Hard Rock,11,10,1,64.3,0.428,0.525,0.47
2026,2,2026-02,Other,119,97,50,443.6,0.545,0.489,0.469
2026,2,2026-02,Pop,14,14,5,52.9,0.573,0.427,0.596
2026,2,2026-02,Power Metal,1,1,1,2.8,0.452,0.402,0.06
2026,2,2026-02,Progressive Metal,16,10,1,75.5,0.5,0.496,0.449
2026,2,2026-02,Rock,1,1,1,5.7,0.634,0.296,0.181
2026,3,2026-03,Other,47,37,10,214.3,0.513,0.501,0.535
2026,3,2026-03,Progressive Metal,22,19,1,107.8,0.563,0.52,0.478
